Cell Line1,Cell Line2,Cell Line3,Protein,Gene,Descrip,Cond
17.424811843444907,18.311369647439644,19.236298657156677,A1L595,K1C17," Keratin, type I cytoskeletal 17 OS=Bos taurus GN=KRT17 PE=2 SV=1",TI_CT_PPHE
21.2916000869422,20.973841205239736,21.03422569155721,A2I7M9,SPA32, Serpin A3-2 OS=Bos taurus GN=SERPINA3-2 PE=3 SV=1,TI_CT_PPHE
24.92962484177298,25.07866872913143,24.94510209645225,A2I7N0,SPA34, Serpin A3-4 OS=Bos taurus GN=SERPINA3-4 PE=3 SV=1,TI_CT_PPHE
18.419637712374563,18.4745119493718,18.267954927487022,A2I7N1,SPA35, Serpin A3-5 OS=Bos taurus GN=SERPINA3-5 PE=3 SV=1,TI_CT_PPHE
23.020087755854625,23.0984742828872,23.51803661061628,A2I7N2,SPA36, Serpin A3-6 OS=Bos taurus GN=SERPINA3-6 PE=3 SV=1,TI_CT_PPHE
26.456494171093627,26.52861093095806,26.665248284709037,A2I7N3,SPA37, Serpin A3-7 OS=Bos taurus GN=SERPINA3-7 PE=3 SV=1,TI_CT_PPHE
23.615854171919672,23.652775551292333,23.925670661973168,A6QPQ2,SPA38, Serpin A3-8 OS=Bos taurus GN=SERPINA3-8 PE=2 SV=1,TI_CT_PPHE
19.257067436616953,19.425930104194844,19.624845207512223,A7E3W2,LG3BP, Galectin-3-binding protein OS=Bos taurus GN=LGALS3BP PE=1 SV=1,TI_CT_PPHE
21.959732274380332,21.880572585830283,22.08838357403317,E1BF81,CBG, Corticosteroid-binding globulin OS=Bos taurus GN=SERPINA6 PE=3 SV=1,TI_CT_PPHE
26.148908653700154,26.260499381824026,26.431005338381595,O46375,TTHY, Transthyretin OS=Bos taurus GN=TTR PE=1 SV=1,TI_CT_PPHE
18.580397588841073,19.25031352148606,19.239180051424896,P00442,SODC, Superoxide dismutase [Cu-Zn] OS=Bos taurus GN=SOD1 PE=1 SV=2,TI_CT_PPHE
25.349882581686526,25.340258940063,25.448209231183025,P00735,THRB, Prothrombin OS=Bos taurus GN=F2 PE=1 SV=2,TI_CT_PPHE
19.409287083969215,19.47758731160633,19.483275859249638,P00741,FA9, Coagulation factor IX OS=Bos taurus GN=F9 PE=1 SV=2,TI_CT_PPHE
20.141363365643517,20.112898323943877,19.966082240812714,P00745,PROC, Vitamin K-dependent protein C (Fragment) OS=Bos taurus GN=PROC PE=1 SV=1,TI_CT_PPHE
26.266858647696367,26.21768054883887,26.299361534836972,P00978,AMBP, Protein AMBP OS=Bos taurus GN=AMBP PE=1 SV=2,TI_CT_PPHE
24.818607553083183,24.71428920956122,25.017311539501613,P01030,CO4, Complement C4 (Fragments) OS=Bos taurus GN=C4 PE=1 SV=2,TI_CT_PPHE
26.895728521328135,26.91417254587201,26.890838178305714,P01044,KNG1, Kininogen-1 OS=Bos taurus GN=KNG1 PE=1 SV=1,TI_CT_PPHE
23.823647247451945,23.621578076771943,23.69316090110469,P01045,KNG2, Kininogen-2 OS=Bos taurus GN=KNG2 PE=1 SV=1,TI_CT_PPHE
19.593895442150735,20.025666426228042,19.96832462718354,P01888,B2MG, Beta-2-microglobulin OS=Bos taurus GN=B2M PE=1 SV=2,TI_CT_PPHE
27.273089272310163,27.49659721424311,27.376941015027537,P01966,HBA, Hemoglobin subunit alpha OS=Bos taurus GN=HBA PE=1 SV=2,TI_CT_PPHE
23.30316866220247,23.243479472699445,23.46641933514326,P02070,HBB, Hemoglobin subunit beta OS=Bos taurus GN=HBB PE=1 SV=1,TI_CT_PPHE
28.995699496743864,28.9063657650172,29.04166615762371,P02081,HBBF, Hemoglobin fetal subunit beta OS=Bos taurus PE=1 SV=1,TI_CT_PPHE
23.121120291985733,22.98129664086593,23.055952212306636,P02453,CO1A1, Collagen alpha-1(I) chain OS=Bos taurus GN=COL1A1 PE=1 SV=3,TI_CT_PPHE
20.386835738873714,20.369438185018588,20.64217163842793,P02465,CO1A2, Collagen alpha-2(I) chain OS=Bos taurus GN=COL1A2 PE=1 SV=2,TI_CT_PPHE
21.478900584141908,21.52115805319628,21.82793689340999,P02584,PROF1, Profilin-1 OS=Bos taurus GN=PFN1 PE=1 SV=2,TI_CT_PPHE
23.101197992557235,23.201001924944144,23.193010884418474,P02672,FIBA, Fibrinogen alpha chain OS=Bos taurus GN=FGA PE=1 SV=5,TI_CT_PPHE
22.029758219490965,22.197284005247184,22.321614483682964,P02676,FIBB, Fibrinogen beta chain OS=Bos taurus GN=FGB PE=1 SV=2,TI_CT_PPHE
35.02760858571591,35.03213102804518,35.019766575791216,P02769,ALBU, Serum albumin OS=Bos taurus GN=ALB PE=1 SV=4,TI_CT_PPHE
20.890014237101912,21.04148502642804,20.810896455226224,P04815,BPT2, Spleen trypsin inhibitor I OS=Bos taurus PE=1 SV=2,TI_CT_PPHE
22.68765388065287,23.085448198631223,22.888559838179862,P06394,K1C10," Keratin, type I cytoskeletal 10 OS=Bos taurus GN=KRT10 PE=3 SV=1",TI_CT_PPHE
25.99301315144466,26.094460183120507,26.229016563161064,P06868,PLMN, Plasminogen OS=Bos taurus GN=PLG PE=1 SV=2,TI_CT_PPHE
22.6246588907367,22.758959653432424,22.933241521688167,P07224,PROS, Vitamin K-dependent protein S OS=Bos taurus GN=PROS1 PE=1 SV=1,TI_CT_PPHE
19.845648144961462,19.970589736848325,20.133917441815242,P07589,FINC, Fibronectin OS=Bos taurus GN=FN1 PE=1 SV=4,TI_CT_PPHE
19.42762148026844,19.705957515530894,19.424651651945716,P08169,MPRI, Cation-independent mannose-6-phosphate receptor OS=Bos taurus GN=IGF2R PE=1 SV=2,TI_CT_PPHE
19.5383121057257,19.362377305052775,19.470182286796366,P10096,G3P, Glyceraldehyde-3-phosphate dehydrogenase OS=Bos taurus GN=GAPDH PE=1 SV=4,TI_CT_PPHE
33.177854736631986,33.208332391846454,33.10897353742728,P12763,FETUA, Alpha-2-HS-glycoprotein OS=Bos taurus GN=AHSG PE=1 SV=2,TI_CT_PPHE
20.750132022283516,20.847224417539742,20.904547529967644,P12799,FIBG, Fibrinogen gamma-B chain OS=Bos taurus GN=FGG PE=1 SV=1,TI_CT_PPHE
28.286459327602532,28.199504163436405,28.536941452858574,P15497,APOA1, Apolipoprotein A-I OS=Bos taurus GN=APOA1 PE=1 SV=3,TI_CT_PPHE
25.680013981524553,25.65929430080752,25.766618555933594,P17690,APOH, Beta-2-glycoprotein 1 OS=Bos taurus GN=APOH PE=1 SV=4,TI_CT_PPHE
23.810253374850653,23.736135746610714,23.754640881309008,P17697,CLUS, Clusterin OS=Bos taurus GN=CLU PE=1 SV=1,TI_CT_PPHE
24.39292904231616,24.183472698737564,24.435539277410104,P18902,RET4, Retinol-binding protein 4 OS=Bos taurus GN=RBP4 PE=1 SV=1,TI_CT_PPHE
19.688541805244245,19.793791061557634,21.108600828735135,P19035,APOC3, Apolipoprotein C-III OS=Bos taurus GN=APOC3 PE=1 SV=2,TI_CT_PPHE
26.267675545280383,26.137149303894116,26.298961397532814,P28800,A2AP, Alpha-2-antiplasmin OS=Bos taurus GN=SERPINF2 PE=1 SV=2,TI_CT_PPHE
32.00793293804342,31.921167355274342,32.06370398482255,P34955,A1AT, Alpha-1-antiproteinase OS=Bos taurus GN=SERPINA1 PE=1 SV=1,TI_CT_PPHE
21.164851852279806,21.237384981086862,21.293442112604474,P35445,COMP, Cartilage oligomeric matrix protein OS=Bos taurus GN=COMP PE=1 SV=2,TI_CT_PPHE
26.518542332162635,26.5278588338285,26.54341853958103,P41361,ANT3, Antithrombin-III OS=Bos taurus GN=SERPINC1 PE=1 SV=2,TI_CT_PPHE
20.699125241994455,20.779543985588518,20.67540633221391,P42916,CL43, Collectin-43 OS=Bos taurus GN=CL43 PE=1 SV=2,TI_CT_PPHE
24.483811655933803,24.376569451659666,24.567870719325526,P50448,F12AI, Factor XIIa inhibitor OS=Bos taurus PE=1 SV=1,TI_CT_PPHE
19.470134010459454,19.214218710266724,19.17340058767704,P68301,MT2, Metallothionein-2 OS=Bos taurus GN=MT2 PE=1 SV=1,TI_CT_PPHE
25.60898655150351,25.485228728923914,25.673807742324847,P56652,ITIH3, Inter-alpha-trypsin inhibitor heavy chain H3 OS=Bos taurus GN=ITIH3 PE=1 SV=2,TI_CT_PPHE
25.903048025476078,25.821651032341972,26.074659547509327,P63258,ACTG," Actin, cytoplasmic 2 OS=Bos taurus GN=ACTG1 PE=1 SV=1",TI_CT_PPHE
18.377087454531093,18.35109577642764,18.603616349413436,P61223,RAP1B, Ras-related protein Rap-1b OS=Bos taurus GN=RAP1B PE=2 SV=1,TI_CT_PPHE
20.037962867508476,20.088190801967674,20.201360762287774,P62935,PPIA, Peptidyl-prolyl cis-trans isomerase A OS=Bos taurus GN=PPIA PE=1 SV=2,TI_CT_PPHE
21.71244554511535,21.648637706945227,22.211098307967827,Q3ZC07,ACTC," Actin, alpha cardiac muscle 1 OS=Bos taurus GN=ACTC1 PE=2 SV=1",TI_CT_PPHE
20.110685086961634,20.145626658127664,20.252282631225544,P80425,FABPL," Fatty acid-binding protein, liver OS=Bos taurus GN=FABP1 PE=1 SV=1",TI_CT_PPHE
25.864403354382425,25.814534644624057,25.962452883654834,P81187,CFAB, Complement factor B OS=Bos taurus GN=CFB PE=1 SV=2,TI_CT_PPHE
26.291803154722235,25.940057192608926,26.04282510959688,P81644,APOA2, Apolipoprotein A-II OS=Bos taurus GN=APOA2 PE=1 SV=2,TI_CT_PPHE
19.474429964700143,19.50959432742924,20.0000426199442,P81948,TBA4A, Tubulin alpha-4A chain OS=Bos taurus GN=TUBA4A PE=1 SV=2,TI_CT_PPHE
22.55794063629772,22.483174950828246,22.59472180788104,Q03247,APOE, Apolipoprotein E OS=Bos taurus GN=APOE PE=1 SV=1,TI_CT_PPHE
23.49733140969735,23.390394347467975,23.614140050024194,Q05443,LUM, Lumican OS=Bos taurus GN=LUM PE=1 SV=1,TI_CT_PPHE
24.311503630446555,24.17269389254554,24.48690962257935,Q0VCM5,ITIH1, Inter-alpha-trypsin inhibitor heavy chain H1 OS=Bos taurus GN=ITIH1 PE=1 SV=1,TI_CT_PPHE
19.566660039520674,19.94841937254955,20.148451970378147,Q148H6,K1C28," Keratin, type I cytoskeletal 28 OS=Bos taurus GN=KRT28 PE=2 SV=1",TI_CT_PPHE
19.335823721182145,19.50745784118847,19.746244928593185,Q148H7,K2C79," Keratin, type II cytoskeletal 79 OS=Bos taurus GN=KRT79 PE=2 SV=1",TI_CT_PPHE
21.11529574312431,21.1530867467802,21.30468843198163,Q28065,C4BPA, C4b-binding protein alpha chain OS=Bos taurus GN=C4BPA PE=2 SV=1,TI_CT_PPHE
24.35148278003454,24.338034274948484,24.5319016328601,Q28085,CFAH, Complement factor H OS=Bos taurus GN=CFH PE=1 SV=3,TI_CT_PPHE
19.818977729440743,20.046598487252513,19.800944362846277,Q28107,FA5, Coagulation factor V OS=Bos taurus GN=F5 PE=1 SV=1,TI_CT_PPHE
31.536030929019443,31.599626223452642,31.587534456808775,Q29443,TRFE, Serotransferrin OS=Bos taurus GN=TF PE=2 SV=1,TI_CT_PPHE
22.990262967303217,23.02429268987705,23.123265573363444,Q29RQ1,CO7, Complement component C7 OS=Bos taurus GN=C7 PE=2 SV=1,TI_CT_PPHE
18.657356683449823,18.813503517841166,18.859667563664082,Q29S21,K2C7," Keratin, type II cytoskeletal 7 OS=Bos taurus GN=KRT7 PE=2 SV=1",TI_CT_PPHE
18.20933646637686,18.551800767564252,18.26115781886512,Q2HJ57,COTL1, Coactosin-like protein OS=Bos taurus GN=COTL1 PE=2 SV=3,TI_CT_PPHE
17.992478451626297,17.73262293820103,18.287617559496873,Q3ZBU7,TBB4A, Tubulin beta-4A chain OS=Bos taurus GN=TUBB4A PE=2 SV=1,TI_CT_PPHE
20.161883561046444,19.95014888506652,20.195988923981773,Q2KIG3,CBPB2, Carboxypeptidase B2 OS=Bos taurus GN=CPB2 PE=1 SV=1,TI_CT_PPHE
21.262451761803312,21.284819036956556,21.328013224996873,Q2KIS7,TETN, Tetranectin OS=Bos taurus GN=CLEC3B PE=2 SV=1,TI_CT_PPHE
20.80654179150349,20.720080938999285,21.047277625858925,Q2KIT0,HP20, Protein HP-20 homolog OS=Bos taurus PE=2 SV=1,TI_CT_PPHE
21.10550801197138,21.58126703956679,21.63067038153945,Q2KJ63,KLKB1, Plasma kallikrein OS=Bos taurus GN=KLKB1 PE=2 SV=1,TI_CT_PPHE
27.047392586472576,26.956449990715804,27.11936900143167,Q2KJF1,A1BG, Alpha-1B-glycoprotein OS=Bos taurus GN=A1BG PE=1 SV=1,TI_CT_PPHE
28.042807889522336,28.087469221076905,28.179342189374186,Q2UVX4,CO3, Complement C3 OS=Bos taurus GN=C3 PE=1 SV=2,TI_CT_PPHE
21.25137373295128,21.510332130611378,21.527571972763084,Q32KY0,APOD, Apolipoprotein D OS=Bos taurus GN=APOD PE=2 SV=1,TI_CT_PPHE
18.93268345306671,19.006836984697316,18.949606370405743,Q32PJ2,APOA4, Apolipoprotein A-IV OS=Bos taurus GN=APOA4 PE=2 SV=1,TI_CT_PPHE
22.000654001260376,22.01066914346757,22.203563396007535,Q3MHN2,CO9, Complement component C9 OS=Bos taurus GN=C9 PE=2 SV=1,TI_CT_PPHE
29.093955473615427,28.99959246645667,29.061109468114104,Q3MHN5,VTDB, Vitamin D-binding protein OS=Bos taurus GN=GC PE=2 SV=1,TI_CT_PPHE
19.702295407607245,19.790822752811476,19.87946245514708,Q3SWW8,TSP4, Thrombospondin-4 OS=Bos taurus GN=THBS4 PE=2 SV=1,TI_CT_PPHE
24.02609020074377,24.09643572627713,24.14596231161404,Q3SX14,GELS, Gelsolin OS=Bos taurus GN=GSN PE=2 SV=1,TI_CT_PPHE
29.126924817675604,29.10971393381801,29.23580847271492,Q3SZ57,FETA, Alpha-fetoprotein OS=Bos taurus GN=AFP PE=2 SV=1,TI_CT_PPHE
27.718751053308015,27.699490734022486,27.689210089289993,Q3SZR3,A1AG, Alpha-1-acid glycoprotein OS=Bos taurus GN=ORM1 PE=2 SV=1,TI_CT_PPHE
27.54688040755073,27.46275129339929,27.423172199599772,Q3SZV7,HEMO, Hemopexin OS=Bos taurus GN=HPX PE=2 SV=1,TI_CT_PPHE
26.967494036557596,26.819310490004284,27.048383436090475,Q3T052,ITIH4, Inter-alpha-trypsin inhibitor heavy chain H4 OS=Bos taurus GN=ITIH4 PE=1 SV=1,TI_CT_PPHE
24.135984821590156,24.292900737992568,24.263111274137994,Q3Y5Z3,ADIPO, Adiponectin OS=Bos taurus GN=ADIPOQ PE=1 SV=1,TI_CT_PPHE
24.050011006146008,23.99747965908727,24.083898792314216,Q58CQ9,VNN1, Pantetheinase OS=Bos taurus GN=VNN1 PE=1 SV=1,TI_CT_PPHE
28.95611298914514,28.929368071405516,28.930631725722343,Q58D62,FETUB, Fetuin-B OS=Bos taurus GN=FETUB PE=1 SV=1,TI_CT_PPHE
19.898700580217316,18.81405852370823,18.736641020608385,Q5E9B1,LDHB, L-lactate dehydrogenase B chain OS=Bos taurus GN=LDHB PE=2 SV=4,TI_CT_PPHE
18.34656364538943,18.236843769475577,18.692190375292995,Q5E9F5,TAGL2, Transgelin-2 OS=Bos taurus GN=TAGLN2 PE=2 SV=3,TI_CT_PPHE
18.378731968086147,17.752359156262283,18.348881542620433,Q5E9F7,COF1, Cofilin-1 OS=Bos taurus GN=CFL1 PE=2 SV=3,TI_CT_PPHE
21.00746127328894,21.753962051972884,21.727427919062507,Q5XQN5,K2C5," Keratin, type II cytoskeletal 5 OS=Bos taurus GN=KRT5 PE=1 SV=1",TI_CT_PPHE
19.746527668039693,19.833097701764896,19.7269727514733,Q6URK6,CADH5, Cadherin-5 OS=Bos taurus GN=CDH5 PE=2 SV=1,TI_CT_PPHE
30.059436435635593,29.989218878287517,30.200360654150305,Q7SIH1,A2MG, Alpha-2-macroglobulin OS=Bos taurus GN=A2M PE=1 SV=2,TI_CT_PPHE
25.09290791469372,24.856230041915467,25.108966094121403,Q95121,PEDF, Pigment epithelium-derived factor OS=Bos taurus GN=SERPINF1 PE=1 SV=1,TI_CT_PPHE
21.644161267625005,21.277175703902017,21.583040187217527,Q95M17,CHIA, Acidic mammalian chitinase OS=Bos taurus GN=CHIA PE=1 SV=1,TI_CT_PPHE
19.984004236668177,19.917504489103614,20.074919703499727,Q9BGI3,PRDX2, Peroxiredoxin-2 OS=Bos taurus GN=PRDX2 PE=2 SV=1,TI_CT_PPHE
22.191737020070043,22.10247724495743,22.479374990247177,Q9N2I2,IPSP, Plasma serine protease inhibitor OS=Bos taurus GN=SERPINA5 PE=1 SV=1,TI_CT_PPHE
23.679133766806988,23.60676253200768,23.90487682468682,Q9TT36,THBG, Thyroxine-binding globulin OS=Bos taurus GN=SERPINA7 PE=2 SV=1,TI_CT_PPHE
27.917596201338963,27.87494100838107,27.98798604852096,Q9TTE1,SPA31, Serpin A3-1 OS=Bos taurus GN=SERPINA3-1 PE=1 SV=3,TI_CT_PPHE
19.340331853355224,19.337202853093157,19.481628476780156,Q9TTJ5,RGN, Regucalcin OS=Bos taurus GN=RGN PE=2 SV=1,TI_CT_PPHE
19.395435897926735,19.342361800145287,19.54358244451444,Q9XSJ4,ENOA, Alpha-enolase OS=Bos taurus GN=ENO1 PE=1 SV=4,TI_CT_PPHE
18.205124000670875,17.788942302935688,17.05771791894185,A1L595,K1C17," Keratin, type I cytoskeletal 17 OS=Bos taurus GN=KRT17 PE=2 SV=1",TI_CT
20.288518894986478,20.129934358558593,21.87239097669417,A2I7M9,SPA32, Serpin A3-2 OS=Bos taurus GN=SERPINA3-2 PE=3 SV=1,TI_CT
23.875589058669622,24.579614741833645,24.202424875166628,A2I7N0,SPA34, Serpin A3-4 OS=Bos taurus GN=SERPINA3-4 PE=3 SV=1,TI_CT
17.75098725530519,17.714531500756,17.988636543434144,A2I7N1,SPA35, Serpin A3-5 OS=Bos taurus GN=SERPINA3-5 PE=3 SV=1,TI_CT
21.62504188624933,21.639548074215316,22.523704036926276,A2I7N2,SPA36, Serpin A3-6 OS=Bos taurus GN=SERPINA3-6 PE=3 SV=1,TI_CT
25.393931416501673,25.769072235634223,26.068807764602873,A2I7N3,SPA37, Serpin A3-7 OS=Bos taurus GN=SERPINA3-7 PE=3 SV=1,TI_CT
22.395572653048678,22.685322748417292,23.39314157419822,A6QPQ2,SPA38, Serpin A3-8 OS=Bos taurus GN=SERPINA3-8 PE=2 SV=1,TI_CT
19.347878073221526,19.191696164635403,19.60564817375868,A7E3W2,LG3BP, Galectin-3-binding protein OS=Bos taurus GN=LGALS3BP PE=1 SV=1,TI_CT
21.627015727602302,22.02567520534958,21.83423542037759,E1BF81,CBG, Corticosteroid-binding globulin OS=Bos taurus GN=SERPINA6 PE=3 SV=1,TI_CT
26.42496287940877,25.919077436961178,26.25609526916822,O46375,TTHY, Transthyretin OS=Bos taurus GN=TTR PE=1 SV=1,TI_CT
17.959738888559187,19.352807373870263,19.978429223114404,P00442,SODC, Superoxide dismutase [Cu-Zn] OS=Bos taurus GN=SOD1 PE=1 SV=2,TI_CT
25.240962016898,25.370008076487846,25.357072616336616,P00735,THRB, Prothrombin OS=Bos taurus GN=F2 PE=1 SV=2,TI_CT
19.757809153611372,19.32036904688954,19.0795938692766,P00741,FA9, Coagulation factor IX OS=Bos taurus GN=F9 PE=1 SV=2,TI_CT
20.08445355331193,20.303880730429842,20.038290919612407,P00745,PROC, Vitamin K-dependent protein C (Fragment) OS=Bos taurus GN=PROC PE=1 SV=1,TI_CT
26.086062094406632,26.05389959852333,26.222703494632633,P00978,AMBP, Protein AMBP OS=Bos taurus GN=AMBP PE=1 SV=2,TI_CT
24.935586119218186,25.17426729992489,25.10184115664323,P01030,CO4, Complement C4 (Fragments) OS=Bos taurus GN=C4 PE=1 SV=2,TI_CT
26.5753368182924,26.60995722812828,26.87726126316396,P01044,KNG1, Kininogen-1 OS=Bos taurus GN=KNG1 PE=1 SV=1,TI_CT
23.55489029339034,23.254361270897796,23.479434158381753,P01045,KNG2, Kininogen-2 OS=Bos taurus GN=KNG2 PE=1 SV=1,TI_CT
17.4176847243248,17.384000409666875,18.47163770342157,P01888,B2MG, Beta-2-microglobulin OS=Bos taurus GN=B2M PE=1 SV=2,TI_CT
27.99266479102761,28.223567715148434,27.210512006287594,P01966,HBA, Hemoglobin subunit alpha OS=Bos taurus GN=HBA PE=1 SV=2,TI_CT
23.532639476188855,23.508882219973156,23.40342321502597,P02070,HBB, Hemoglobin subunit beta OS=Bos taurus GN=HBB PE=1 SV=1,TI_CT
29.060607296294943,29.106751082092284,28.936349422113803,P02081,HBBF, Hemoglobin fetal subunit beta OS=Bos taurus PE=1 SV=1,TI_CT
23.081870821366955,22.99372807129949,23.231622608996275,P02453,CO1A1, Collagen alpha-1(I) chain OS=Bos taurus GN=COL1A1 PE=1 SV=3,TI_CT
19.253020608244178,19.891170571140538,19.617515903749634,P02465,CO1A2, Collagen alpha-2(I) chain OS=Bos taurus GN=COL1A2 PE=1 SV=2,TI_CT
21.36764404182521,21.798923032415615,21.84692028917805,P02584,PROF1, Profilin-1 OS=Bos taurus GN=PFN1 PE=1 SV=2,TI_CT
23.247837321146182,23.212304386619248,23.170983642100957,P02672,FIBA, Fibrinogen alpha chain OS=Bos taurus GN=FGA PE=1 SV=5,TI_CT
22.162105992797215,22.360386415796494,22.316986846020203,P02676,FIBB, Fibrinogen beta chain OS=Bos taurus GN=FGB PE=1 SV=2,TI_CT
35.097711309012595,35.08708881875119,35.038228407501016,P02769,ALBU, Serum albumin OS=Bos taurus GN=ALB PE=1 SV=4,TI_CT
20.994844307059406,21.03080720009198,20.74311637095976,P04815,BPT2, Spleen trypsin inhibitor I OS=Bos taurus PE=1 SV=2,TI_CT
22.71590458987363,22.424435699405215,21.864780640830396,P06394,K1C10," Keratin, type I cytoskeletal 10 OS=Bos taurus GN=KRT10 PE=3 SV=1",TI_CT
25.83127480551732,26.154747837533595,26.12484459593912,P06868,PLMN, Plasminogen OS=Bos taurus GN=PLG PE=1 SV=2,TI_CT
22.21300063943041,22.66892466548827,22.504468163111678,P07224,PROS, Vitamin K-dependent protein S OS=Bos taurus GN=PROS1 PE=1 SV=1,TI_CT
19.752327427292773,19.69173571601377,20.444158333704994,P07589,FINC, Fibronectin OS=Bos taurus GN=FN1 PE=1 SV=4,TI_CT
18.93285239393474,19.502451000303413,19.26927022655735,P08169,MPRI, Cation-independent mannose-6-phosphate receptor OS=Bos taurus GN=IGF2R PE=1 SV=2,TI_CT
19.94525713147069,20.00047408217496,19.388677139997444,P10096,G3P, Glyceraldehyde-3-phosphate dehydrogenase OS=Bos taurus GN=GAPDH PE=1 SV=4,TI_CT
33.097421691984515,32.95647162302007,33.15059769415221,P12763,FETUA, Alpha-2-HS-glycoprotein OS=Bos taurus GN=AHSG PE=1 SV=2,TI_CT
20.453982532313862,20.604346140866223,20.89201323630472,P12799,FIBG, Fibrinogen gamma-B chain OS=Bos taurus GN=FGG PE=1 SV=1,TI_CT
28.102361667466607,28.502242367262173,28.08118948136783,P15497,APOA1, Apolipoprotein A-I OS=Bos taurus GN=APOA1 PE=1 SV=3,TI_CT
25.544726526085736,25.659311185486363,25.761279587125152,P17690,APOH, Beta-2-glycoprotein 1 OS=Bos taurus GN=APOH PE=1 SV=4,TI_CT
23.538380101359753,23.800630122669823,23.678053046090756,P17697,CLUS, Clusterin OS=Bos taurus GN=CLU PE=1 SV=1,TI_CT
24.201554642114175,24.169393867794803,24.307641404297797,P18902,RET4, Retinol-binding protein 4 OS=Bos taurus GN=RBP4 PE=1 SV=1,TI_CT
19.260744308689503,19.538299114890165,20.711086915967993,P19035,APOC3, Apolipoprotein C-III OS=Bos taurus GN=APOC3 PE=1 SV=2,TI_CT
25.899959905273217,26.106617512468986,26.075267702321966,P28800,A2AP, Alpha-2-antiplasmin OS=Bos taurus GN=SERPINF2 PE=1 SV=2,TI_CT
31.801803129355925,31.863434565524692,32.04839661836263,P34955,A1AT, Alpha-1-antiproteinase OS=Bos taurus GN=SERPINA1 PE=1 SV=1,TI_CT
21.492103336883947,21.392656292434754,21.585003181732528,P35445,COMP, Cartilage oligomeric matrix protein OS=Bos taurus GN=COMP PE=1 SV=2,TI_CT
26.1840490807592,26.443232628976464,26.422391099818512,P41361,ANT3, Antithrombin-III OS=Bos taurus GN=SERPINC1 PE=1 SV=2,TI_CT
20.720567961466504,20.763327842674983,20.591132903481977,P42916,CL43, Collectin-43 OS=Bos taurus GN=CL43 PE=1 SV=2,TI_CT
23.966876553446056,24.202224529472673,24.401046259697033,P50448,F12AI, Factor XIIa inhibitor OS=Bos taurus PE=1 SV=1,TI_CT
19.302821140609733,19.756681327318645,19.120744549242392,P68301,MT2, Metallothionein-2 OS=Bos taurus GN=MT2 PE=1 SV=1,TI_CT
25.342471367432474,25.472763835398432,25.739180881400944,P56652,ITIH3, Inter-alpha-trypsin inhibitor heavy chain H3 OS=Bos taurus GN=ITIH3 PE=1 SV=2,TI_CT
25.72526322747408,26.05925734862006,25.848063592786847,P63258,ACTG," Actin, cytoplasmic 2 OS=Bos taurus GN=ACTG1 PE=1 SV=1",TI_CT
18.515417395074834,18.71985529362813,18.460851894883398,P61223,RAP1B, Ras-related protein Rap-1b OS=Bos taurus GN=RAP1B PE=2 SV=1,TI_CT
19.99308820411291,20.2002916411586,20.280737829488665,P62935,PPIA, Peptidyl-prolyl cis-trans isomerase A OS=Bos taurus GN=PPIA PE=1 SV=2,TI_CT
20.160617937152548,21.704379925265993,21.756595218675628,Q3ZC07,ACTC," Actin, alpha cardiac muscle 1 OS=Bos taurus GN=ACTC1 PE=2 SV=1",TI_CT
20.41989595859381,21.493123840377613,20.275129441467342,P80425,FABPL," Fatty acid-binding protein, liver OS=Bos taurus GN=FABP1 PE=1 SV=1",TI_CT
25.811562661091184,26.014461397100373,25.901385575692558,P81187,CFAB, Complement factor B OS=Bos taurus GN=CFB PE=1 SV=2,TI_CT
26.128867019655964,26.053250260231632,25.845100774515203,P81644,APOA2, Apolipoprotein A-II OS=Bos taurus GN=APOA2 PE=1 SV=2,TI_CT
19.447841568797628,19.82916819029232,18.581325981696672,P81948,TBA4A, Tubulin alpha-4A chain OS=Bos taurus GN=TUBA4A PE=1 SV=2,TI_CT
22.310201557602653,22.70019367658641,22.37212741133354,Q03247,APOE, Apolipoprotein E OS=Bos taurus GN=APOE PE=1 SV=1,TI_CT
23.14419826438746,23.93090280139874,23.501094941236346,Q05443,LUM, Lumican OS=Bos taurus GN=LUM PE=1 SV=1,TI_CT
24.13034951664514,24.41688130202951,24.474078624629826,Q0VCM5,ITIH1, Inter-alpha-trypsin inhibitor heavy chain H1 OS=Bos taurus GN=ITIH1 PE=1 SV=1,TI_CT
20.057169251148476,20.23189699570357,19.094401910102334,Q148H6,K1C28," Keratin, type I cytoskeletal 28 OS=Bos taurus GN=KRT28 PE=2 SV=1",TI_CT
19.895057892494222,19.57865535384293,19.230283263852947,Q148H7,K2C79," Keratin, type II cytoskeletal 79 OS=Bos taurus GN=KRT79 PE=2 SV=1",TI_CT
21.592114883601194,21.772532556756357,21.157903615750175,Q28065,C4BPA, C4b-binding protein alpha chain OS=Bos taurus GN=C4BPA PE=2 SV=1,TI_CT
24.126478932028128,24.408930644327146,24.531454990149385,Q28085,CFAH, Complement factor H OS=Bos taurus GN=CFH PE=1 SV=3,TI_CT
19.769504948997845,20.121739670584898,19.67308615601373,Q28107,FA5, Coagulation factor V OS=Bos taurus GN=F5 PE=1 SV=1,TI_CT
31.359425877268677,31.577859413906868,31.428582441451976,Q29443,TRFE, Serotransferrin OS=Bos taurus GN=TF PE=2 SV=1,TI_CT
22.26990141732711,23.134661245660034,22.9878267843625,Q29RQ1,CO7, Complement component C7 OS=Bos taurus GN=C7 PE=2 SV=1,TI_CT
19.313228544461566,18.638778071272494,18.57149172971629,Q29S21,K2C7," Keratin, type II cytoskeletal 7 OS=Bos taurus GN=KRT7 PE=2 SV=1",TI_CT
18.174220502184475,18.370002989132786,17.954341044786897,Q2HJ57,COTL1, Coactosin-like protein OS=Bos taurus GN=COTL1 PE=2 SV=3,TI_CT
17.44744447855037,18.45818961062451,17.937438505394848,Q3ZBU7,TBB4A, Tubulin beta-4A chain OS=Bos taurus GN=TUBB4A PE=2 SV=1,TI_CT
19.175359937571585,19.41458061191556,19.360307302853748,Q2KIG3,CBPB2, Carboxypeptidase B2 OS=Bos taurus GN=CPB2 PE=1 SV=1,TI_CT
21.32617359978664,21.135547311678625,21.404056408930174,Q2KIS7,TETN, Tetranectin OS=Bos taurus GN=CLEC3B PE=2 SV=1,TI_CT
20.542627061042484,20.869339712691488,20.790321419322208,Q2KIT0,HP20, Protein HP-20 homolog OS=Bos taurus PE=2 SV=1,TI_CT
21.050157816085893,21.12024031425478,21.203933640343138,Q2KJ63,KLKB1, Plasma kallikrein OS=Bos taurus GN=KLKB1 PE=2 SV=1,TI_CT
27.0226064838385,26.997240065167507,27.07696212094337,Q2KJF1,A1BG, Alpha-1B-glycoprotein OS=Bos taurus GN=A1BG PE=1 SV=1,TI_CT
27.969399693448636,28.09365989012063,28.176546455282235,Q2UVX4,CO3, Complement C3 OS=Bos taurus GN=C3 PE=1 SV=2,TI_CT
20.925552873276672,21.374675788410222,21.396439678289493,Q32KY0,APOD, Apolipoprotein D OS=Bos taurus GN=APOD PE=2 SV=1,TI_CT
20.024375576691558,19.844715385033165,19.540333925801328,Q32PJ2,APOA4, Apolipoprotein A-IV OS=Bos taurus GN=APOA4 PE=2 SV=1,TI_CT
22.029662968374314,22.22511818183228,22.007543557434648,Q3MHN2,CO9, Complement component C9 OS=Bos taurus GN=C9 PE=2 SV=1,TI_CT
28.988916866641777,28.958518873479854,29.063431771294887,Q3MHN5,VTDB, Vitamin D-binding protein OS=Bos taurus GN=GC PE=2 SV=1,TI_CT
20.039164654749687,19.92502820569984,19.76456448356594,Q3SWW8,TSP4, Thrombospondin-4 OS=Bos taurus GN=THBS4 PE=2 SV=1,TI_CT
23.94418739923897,24.174587727282265,24.00671001226234,Q3SX14,GELS, Gelsolin OS=Bos taurus GN=GSN PE=2 SV=1,TI_CT
29.043090751913464,29.22300451988792,29.20304034228421,Q3SZ57,FETA, Alpha-fetoprotein OS=Bos taurus GN=AFP PE=2 SV=1,TI_CT
27.515982132235244,27.13645675932165,27.69846509609836,Q3SZR3,A1AG, Alpha-1-acid glycoprotein OS=Bos taurus GN=ORM1 PE=2 SV=1,TI_CT
27.0639208057268,27.530994107440065,27.460825938912972,Q3SZV7,HEMO, Hemopexin OS=Bos taurus GN=HPX PE=2 SV=1,TI_CT
26.789865459392935,27.023755691990306,27.095023699019045,Q3T052,ITIH4, Inter-alpha-trypsin inhibitor heavy chain H4 OS=Bos taurus GN=ITIH4 PE=1 SV=1,TI_CT
24.283035335341374,24.16165601878761,24.199370417072167,Q3Y5Z3,ADIPO, Adiponectin OS=Bos taurus GN=ADIPOQ PE=1 SV=1,TI_CT
23.66563357562322,23.816769918638172,24.021106581184444,Q58CQ9,VNN1, Pantetheinase OS=Bos taurus GN=VNN1 PE=1 SV=1,TI_CT
28.90071549025462,28.90431179940062,28.90776457918038,Q58D62,FETUB, Fetuin-B OS=Bos taurus GN=FETUB PE=1 SV=1,TI_CT
18.242721164965303,19.212345245942675,18.99329747222107,Q5E9B1,LDHB, L-lactate dehydrogenase B chain OS=Bos taurus GN=LDHB PE=2 SV=4,TI_CT
17.163179466030208,18.58284731578351,18.24346292949112,Q5E9F5,TAGL2, Transgelin-2 OS=Bos taurus GN=TAGLN2 PE=2 SV=3,TI_CT
18.123421578984022,18.19105127766586,18.674642847995514,Q5E9F7,COF1, Cofilin-1 OS=Bos taurus GN=CFL1 PE=2 SV=3,TI_CT
21.93523214877149,21.2624740403174,20.875617280776474,Q5XQN5,K2C5," Keratin, type II cytoskeletal 5 OS=Bos taurus GN=KRT5 PE=1 SV=1",TI_CT
20.38498449191397,20.605245382644032,20.03742694411545,Q6URK6,CADH5, Cadherin-5 OS=Bos taurus GN=CDH5 PE=2 SV=1,TI_CT
29.934867025764213,30.195798977849034,30.253320420427016,Q7SIH1,A2MG, Alpha-2-macroglobulin OS=Bos taurus GN=A2M PE=1 SV=2,TI_CT
24.875435318788732,25.289939471137945,25.121139901112947,Q95121,PEDF, Pigment epithelium-derived factor OS=Bos taurus GN=SERPINF1 PE=1 SV=1,TI_CT
21.171628435227795,21.575305700513486,21.598115857398223,Q95M17,CHIA, Acidic mammalian chitinase OS=Bos taurus GN=CHIA PE=1 SV=1,TI_CT
19.45510225367922,19.410233403705977,19.71042456300869,Q9BGI3,PRDX2, Peroxiredoxin-2 OS=Bos taurus GN=PRDX2 PE=2 SV=1,TI_CT
21.94396749297517,22.332316205373747,22.310207009372572,Q9N2I2,IPSP, Plasma serine protease inhibitor OS=Bos taurus GN=SERPINA5 PE=1 SV=1,TI_CT
23.506867596982687,23.9855166204584,23.946044973625284,Q9TT36,THBG, Thyroxine-binding globulin OS=Bos taurus GN=SERPINA7 PE=2 SV=1,TI_CT
27.38987395578206,27.567165878248268,27.75169989752862,Q9TTE1,SPA31, Serpin A3-1 OS=Bos taurus GN=SERPINA3-1 PE=1 SV=3,TI_CT
19.521340805691036,19.489636772547943,19.30632301786186,Q9TTJ5,RGN, Regucalcin OS=Bos taurus GN=RGN PE=2 SV=1,TI_CT
19.89893545583203,20.30464746435607,19.802916501051758,Q9XSJ4,ENOA, Alpha-enolase OS=Bos taurus GN=ENO1 PE=1 SV=4,TI_CT
18.486358576269602,17.041252016721476,16.580846798555132,A1L595,K1C17," Keratin, type I cytoskeletal 17 OS=Bos taurus GN=KRT17 PE=2 SV=1",TI_PPHE
21.602571375989868,21.466858029854315,21.552914359352343,A2I7M9,SPA32, Serpin A3-2 OS=Bos taurus GN=SERPINA3-2 PE=3 SV=1,TI_PPHE
24.59781463737915,24.729528916615788,24.751611152930085,A2I7N0,SPA34, Serpin A3-4 OS=Bos taurus GN=SERPINA3-4 PE=3 SV=1,TI_PPHE
18.33109140430266,18.352209602742047,18.49085579634451,A2I7N1,SPA35, Serpin A3-5 OS=Bos taurus GN=SERPINA3-5 PE=3 SV=1,TI_PPHE
22.933698661235244,23.365969468999303,22.766551664128095,A2I7N2,SPA36, Serpin A3-6 OS=Bos taurus GN=SERPINA3-6 PE=3 SV=1,TI_PPHE
26.443459639247358,26.55124968986227,26.326393290262363,A2I7N3,SPA37, Serpin A3-7 OS=Bos taurus GN=SERPINA3-7 PE=3 SV=1,TI_PPHE
23.77100820144356,23.756010269811394,23.45900222116086,A6QPQ2,SPA38, Serpin A3-8 OS=Bos taurus GN=SERPINA3-8 PE=2 SV=1,TI_PPHE
19.317377607799195,19.563304432744108,19.296834790584633,A7E3W2,LG3BP, Galectin-3-binding protein OS=Bos taurus GN=LGALS3BP PE=1 SV=1,TI_PPHE
22.341412876433846,22.089978792451163,22.289602695973088,E1BF81,CBG, Corticosteroid-binding globulin OS=Bos taurus GN=SERPINA6 PE=3 SV=1,TI_PPHE
26.16691774596776,26.340010450435898,26.014532984534107,O46375,TTHY, Transthyretin OS=Bos taurus GN=TTR PE=1 SV=1,TI_PPHE
19.32278072785182,18.858046188729187,18.733379313502585,P00442,SODC, Superoxide dismutase [Cu-Zn] OS=Bos taurus GN=SOD1 PE=1 SV=2,TI_PPHE
25.373224267159156,25.364600369188167,25.286035552646222,P00735,THRB, Prothrombin OS=Bos taurus GN=F2 PE=1 SV=2,TI_PPHE
19.531178071896594,19.544151167216125,19.419876090547604,P00741,FA9, Coagulation factor IX OS=Bos taurus GN=F9 PE=1 SV=2,TI_PPHE
20.001968936385573,20.00867869034932,20.178991626826722,P00745,PROC, Vitamin K-dependent protein C (Fragment) OS=Bos taurus GN=PROC PE=1 SV=1,TI_PPHE
26.113271520825165,26.154981223196803,26.12232064542233,P00978,AMBP, Protein AMBP OS=Bos taurus GN=AMBP PE=1 SV=2,TI_PPHE
25.067899017330237,25.224334780189885,25.149864575111543,P01030,CO4, Complement C4 (Fragments) OS=Bos taurus GN=C4 PE=1 SV=2,TI_PPHE
26.935692521485347,26.73826279273923,26.828226611943435,P01044,KNG1, Kininogen-1 OS=Bos taurus GN=KNG1 PE=1 SV=1,TI_PPHE
23.54470095613962,23.537662695985784,23.678179233315074,P01045,KNG2, Kininogen-2 OS=Bos taurus GN=KNG2 PE=1 SV=1,TI_PPHE
18.75263171966492,18.14485569170629,19.700431016362728,P01888,B2MG, Beta-2-microglobulin OS=Bos taurus GN=B2M PE=1 SV=2,TI_PPHE
27.13660428781184,27.81949904006246,27.731476917957785,P01966,HBA, Hemoglobin subunit alpha OS=Bos taurus GN=HBA PE=1 SV=2,TI_PPHE
23.522638720089347,23.497798044683,23.587959847340784,P02070,HBB, Hemoglobin subunit beta OS=Bos taurus GN=HBB PE=1 SV=1,TI_PPHE
29.028726556472865,29.18527799737467,29.0889908441524,P02081,HBBF, Hemoglobin fetal subunit beta OS=Bos taurus PE=1 SV=1,TI_PPHE
23.309995273364322,23.081518631417175,23.003798176526885,P02453,CO1A1, Collagen alpha-1(I) chain OS=Bos taurus GN=COL1A1 PE=1 SV=3,TI_PPHE
20.62365575226809,20.498470049787624,20.75211961411545,P02465,CO1A2, Collagen alpha-2(I) chain OS=Bos taurus GN=COL1A2 PE=1 SV=2,TI_PPHE
21.811104783766666,21.898201095233514,22.006144716368432,P02584,PROF1, Profilin-1 OS=Bos taurus GN=PFN1 PE=1 SV=2,TI_PPHE
23.247040679949716,23.140189268539277,23.14103480636414,P02672,FIBA, Fibrinogen alpha chain OS=Bos taurus GN=FGA PE=1 SV=5,TI_PPHE
22.304396844156713,22.17191330869772,22.27612080267054,P02676,FIBB, Fibrinogen beta chain OS=Bos taurus GN=FGB PE=1 SV=2,TI_PPHE
35.035476499703684,35.01034806341911,35.02212136214089,P02769,ALBU, Serum albumin OS=Bos taurus GN=ALB PE=1 SV=4,TI_PPHE
20.765607964157294,20.781365208988728,20.928589154717567,P04815,BPT2, Spleen trypsin inhibitor I OS=Bos taurus PE=1 SV=2,TI_PPHE
23.125960988998088,22.044389664892755,21.954446793829007,P06394,K1C10," Keratin, type I cytoskeletal 10 OS=Bos taurus GN=KRT10 PE=3 SV=1",TI_PPHE
26.201090368320717,26.110469202368012,26.147994274953415,P06868,PLMN, Plasminogen OS=Bos taurus GN=PLG PE=1 SV=2,TI_PPHE
22.88467733433677,22.66510671326697,22.57364816654738,P07224,PROS, Vitamin K-dependent protein S OS=Bos taurus GN=PROS1 PE=1 SV=1,TI_PPHE
20.435289503519755,20.38164850899363,20.4515275556393,P07589,FINC, Fibronectin OS=Bos taurus GN=FN1 PE=1 SV=4,TI_PPHE
18.68437194465897,18.960391466353002,18.900643796558047,P08169,MPRI, Cation-independent mannose-6-phosphate receptor OS=Bos taurus GN=IGF2R PE=1 SV=2,TI_PPHE
19.530093261895757,19.95390135191726,19.745942402843394,P10096,G3P, Glyceraldehyde-3-phosphate dehydrogenase OS=Bos taurus GN=GAPDH PE=1 SV=4,TI_PPHE
33.05218438960831,33.16402903459648,33.11383892973962,P12763,FETUA, Alpha-2-HS-glycoprotein OS=Bos taurus GN=AHSG PE=1 SV=2,TI_PPHE
20.86053637225945,20.705748697764314,20.754024749141255,P12799,FIBG, Fibrinogen gamma-B chain OS=Bos taurus GN=FGG PE=1 SV=1,TI_PPHE
28.216084149007294,28.608864890704744,28.51078318401986,P15497,APOA1, Apolipoprotein A-I OS=Bos taurus GN=APOA1 PE=1 SV=3,TI_PPHE
25.66266861607343,25.638040461595825,25.671831813195002,P17690,APOH, Beta-2-glycoprotein 1 OS=Bos taurus GN=APOH PE=1 SV=4,TI_PPHE
23.87566981174322,23.76063563300883,23.95825272434279,P17697,CLUS, Clusterin OS=Bos taurus GN=CLU PE=1 SV=1,TI_PPHE
24.321229629520897,24.343097729419874,24.381478159843756,P18902,RET4, Retinol-binding protein 4 OS=Bos taurus GN=RBP4 PE=1 SV=1,TI_PPHE
20.798167477273385,19.855938790605215,20.02667336242665,P19035,APOC3, Apolipoprotein C-III OS=Bos taurus GN=APOC3 PE=1 SV=2,TI_PPHE
26.255374078074134,26.328948441578987,26.225303938379877,P28800,A2AP, Alpha-2-antiplasmin OS=Bos taurus GN=SERPINF2 PE=1 SV=2,TI_PPHE
32.03488803522996,32.15249064529313,32.02487212020003,P34955,A1AT, Alpha-1-antiproteinase OS=Bos taurus GN=SERPINA1 PE=1 SV=1,TI_PPHE
21.400483118849372,21.740740281354178,21.73720468612153,P35445,COMP, Cartilage oligomeric matrix protein OS=Bos taurus GN=COMP PE=1 SV=2,TI_PPHE
26.60125735016454,26.569082445302705,26.534905529096225,P41361,ANT3, Antithrombin-III OS=Bos taurus GN=SERPINC1 PE=1 SV=2,TI_PPHE
21.164035262722063,21.18961086739471,20.68420329964368,P42916,CL43, Collectin-43 OS=Bos taurus GN=CL43 PE=1 SV=2,TI_PPHE
24.52412007871718,24.621170036731336,24.521756613692126,P50448,F12AI, Factor XIIa inhibitor OS=Bos taurus PE=1 SV=1,TI_PPHE
19.31987247062046,19.149710572544393,19.274250236397837,P68301,MT2, Metallothionein-2 OS=Bos taurus GN=MT2 PE=1 SV=1,TI_PPHE
25.62620998967538,25.67540315800663,25.637262503231643,P56652,ITIH3, Inter-alpha-trypsin inhibitor heavy chain H3 OS=Bos taurus GN=ITIH3 PE=1 SV=2,TI_PPHE
25.967163412226718,25.990121375666316,26.001661641459044,P63258,ACTG," Actin, cytoplasmic 2 OS=Bos taurus GN=ACTG1 PE=1 SV=1",TI_PPHE
18.620808089097828,18.753809157545962,18.480030716529367,P61223,RAP1B, Ras-related protein Rap-1b OS=Bos taurus GN=RAP1B PE=2 SV=1,TI_PPHE
20.01270206305726,20.100065930550883,20.209209668816364,P62935,PPIA, Peptidyl-prolyl cis-trans isomerase A OS=Bos taurus GN=PPIA PE=1 SV=2,TI_PPHE
22.087656284188064,21.900786373755203,22.136051818665173,Q3ZC07,ACTC," Actin, alpha cardiac muscle 1 OS=Bos taurus GN=ACTC1 PE=2 SV=1",TI_PPHE
20.29109406143076,20.071349342130443,20.239261175980285,P80425,FABPL," Fatty acid-binding protein, liver OS=Bos taurus GN=FABP1 PE=1 SV=1",TI_PPHE
25.982851608293476,25.966128534292324,26.088967259592557,P81187,CFAB, Complement factor B OS=Bos taurus GN=CFB PE=1 SV=2,TI_PPHE
26.13248264553362,26.42736897695823,26.478529750478103,P81644,APOA2, Apolipoprotein A-II OS=Bos taurus GN=APOA2 PE=1 SV=2,TI_PPHE
18.335093834970838,19.433899889872194,18.340902548134967,P81948,TBA4A, Tubulin alpha-4A chain OS=Bos taurus GN=TUBA4A PE=1 SV=2,TI_PPHE
22.528850230629573,22.610574306838764,22.63077095297169,Q03247,APOE, Apolipoprotein E OS=Bos taurus GN=APOE PE=1 SV=1,TI_PPHE
23.58481305290185,23.446107539376943,23.58100063698881,Q05443,LUM, Lumican OS=Bos taurus GN=LUM PE=1 SV=1,TI_PPHE
24.48454373137838,24.455444796561874,24.447667748722843,Q0VCM5,ITIH1, Inter-alpha-trypsin inhibitor heavy chain H1 OS=Bos taurus GN=ITIH1 PE=1 SV=1,TI_PPHE
20.10121729729867,18.92753703868122,19.12824872341223,Q148H6,K1C28," Keratin, type I cytoskeletal 28 OS=Bos taurus GN=KRT28 PE=2 SV=1",TI_PPHE
19.636013901656373,19.074354063623066,18.621596908935945,Q148H7,K2C79," Keratin, type II cytoskeletal 79 OS=Bos taurus GN=KRT79 PE=2 SV=1",TI_PPHE
21.461297458983836,21.483503063327404,21.39106930971668,Q28065,C4BPA, C4b-binding protein alpha chain OS=Bos taurus GN=C4BPA PE=2 SV=1,TI_PPHE
24.558886671955438,24.51701681875859,24.559011480594283,Q28085,CFAH, Complement factor H OS=Bos taurus GN=CFH PE=1 SV=3,TI_PPHE
20.167932047276523,19.896520932429294,20.019405361962612,Q28107,FA5, Coagulation factor V OS=Bos taurus GN=F5 PE=1 SV=1,TI_PPHE
31.596388014092394,31.348023360220477,31.510210886878212,Q29443,TRFE, Serotransferrin OS=Bos taurus GN=TF PE=2 SV=1,TI_PPHE
23.151233619172725,23.118377808827827,23.113103691170267,Q29RQ1,CO7, Complement component C7 OS=Bos taurus GN=C7 PE=2 SV=1,TI_PPHE
19.95775199613285,19.12512059857142,18.79963645164816,Q29S21,K2C7," Keratin, type II cytoskeletal 7 OS=Bos taurus GN=KRT7 PE=2 SV=1",TI_PPHE
18.38978431892016,18.406138085530166,18.442215102189767,Q2HJ57,COTL1, Coactosin-like protein OS=Bos taurus GN=COTL1 PE=2 SV=3,TI_PPHE
18.181833916417688,18.051823005285026,18.235684236791595,Q3ZBU7,TBB4A, Tubulin beta-4A chain OS=Bos taurus GN=TUBB4A PE=2 SV=1,TI_PPHE
20.207217255931617,20.22726319816771,20.27631965642598,Q2KIG3,CBPB2, Carboxypeptidase B2 OS=Bos taurus GN=CPB2 PE=1 SV=1,TI_PPHE
21.5372473696498,21.463438879286624,21.357546515736423,Q2KIS7,TETN, Tetranectin OS=Bos taurus GN=CLEC3B PE=2 SV=1,TI_PPHE
21.289329637421638,21.03675779157587,21.28411957530582,Q2KIT0,HP20, Protein HP-20 homolog OS=Bos taurus PE=2 SV=1,TI_PPHE
21.784585828728737,21.163738342227703,21.14585554334065,Q2KJ63,KLKB1, Plasma kallikrein OS=Bos taurus GN=KLKB1 PE=2 SV=1,TI_PPHE
27.194112479501662,27.097775498342,27.067886452422684,Q2KJF1,A1BG, Alpha-1B-glycoprotein OS=Bos taurus GN=A1BG PE=1 SV=1,TI_PPHE
28.295683632701795,28.22314718752345,28.304555745583777,Q2UVX4,CO3, Complement C3 OS=Bos taurus GN=C3 PE=1 SV=2,TI_PPHE
21.45115813969986,20.863120753585754,21.801068401041334,Q32KY0,APOD, Apolipoprotein D OS=Bos taurus GN=APOD PE=2 SV=1,TI_PPHE
18.90465907619287,19.21811827303584,19.195498227957206,Q32PJ2,APOA4, Apolipoprotein A-IV OS=Bos taurus GN=APOA4 PE=2 SV=1,TI_PPHE
22.09274995836998,22.114662905199545,22.053709967562824,Q3MHN2,CO9, Complement component C9 OS=Bos taurus GN=C9 PE=2 SV=1,TI_PPHE
29.144511470351134,29.025583454946062,29.09068006779998,Q3MHN5,VTDB, Vitamin D-binding protein OS=Bos taurus GN=GC PE=2 SV=1,TI_PPHE
19.793326872731047,19.969600726199126,19.722133951853248,Q3SWW8,TSP4, Thrombospondin-4 OS=Bos taurus GN=THBS4 PE=2 SV=1,TI_PPHE
24.065662858203822,24.108596788035246,24.253438254462388,Q3SX14,GELS, Gelsolin OS=Bos taurus GN=GSN PE=2 SV=1,TI_PPHE
29.253161255364397,29.14245334045899,29.196606389909643,Q3SZ57,FETA, Alpha-fetoprotein OS=Bos taurus GN=AFP PE=2 SV=1,TI_PPHE
27.660604770597583,27.448670742624223,27.559000129326606,Q3SZR3,A1AG, Alpha-1-acid glycoprotein OS=Bos taurus GN=ORM1 PE=2 SV=1,TI_PPHE
27.514985541726553,27.132779895834915,27.6240851416499,Q3SZV7,HEMO, Hemopexin OS=Bos taurus GN=HPX PE=2 SV=1,TI_PPHE
27.073845218600542,27.08150347952446,27.157426588450107,Q3T052,ITIH4, Inter-alpha-trypsin inhibitor heavy chain H4 OS=Bos taurus GN=ITIH4 PE=1 SV=1,TI_PPHE
24.83518917002041,24.58182117711735,24.22086244857492,Q3Y5Z3,ADIPO, Adiponectin OS=Bos taurus GN=ADIPOQ PE=1 SV=1,TI_PPHE
23.986635222983836,23.98548094716934,23.950727703838968,Q58CQ9,VNN1, Pantetheinase OS=Bos taurus GN=VNN1 PE=1 SV=1,TI_PPHE
29.063121799870085,28.946970470085134,29.054864746625835,Q58D62,FETUB, Fetuin-B OS=Bos taurus GN=FETUB PE=1 SV=1,TI_PPHE
19.03769794620157,19.76406851642736,18.922605127557453,Q5E9B1,LDHB, L-lactate dehydrogenase B chain OS=Bos taurus GN=LDHB PE=2 SV=4,TI_PPHE
18.595749755698208,18.320317817850462,18.727134094106944,Q5E9F5,TAGL2, Transgelin-2 OS=Bos taurus GN=TAGLN2 PE=2 SV=3,TI_PPHE
19.185513242683186,19.329623234763286,19.23962382162811,Q5E9F7,COF1, Cofilin-1 OS=Bos taurus GN=CFL1 PE=2 SV=3,TI_PPHE
22.01078725497705,21.23556637614013,20.876140478060094,Q5XQN5,K2C5," Keratin, type II cytoskeletal 5 OS=Bos taurus GN=KRT5 PE=1 SV=1",TI_PPHE
19.7988203690983,19.77562265542756,19.806310835956435,Q6URK6,CADH5, Cadherin-5 OS=Bos taurus GN=CDH5 PE=2 SV=1,TI_PPHE
30.299941608700404,30.23664718632422,30.334937152305383,Q7SIH1,A2MG, Alpha-2-macroglobulin OS=Bos taurus GN=A2M PE=1 SV=2,TI_PPHE
25.300575621033566,25.336230937569464,25.340541246055867,Q95121,PEDF, Pigment epithelium-derived factor OS=Bos taurus GN=SERPINF1 PE=1 SV=1,TI_PPHE
21.7300733893437,21.57633493616185,21.734408982591447,Q95M17,CHIA, Acidic mammalian chitinase OS=Bos taurus GN=CHIA PE=1 SV=1,TI_PPHE
20.011576013171116,19.992060432325797,19.772751075785035,Q9BGI3,PRDX2, Peroxiredoxin-2 OS=Bos taurus GN=PRDX2 PE=2 SV=1,TI_PPHE
22.547267614660658,23.00228998519261,22.706658214766254,Q9N2I2,IPSP, Plasma serine protease inhibitor OS=Bos taurus GN=SERPINA5 PE=1 SV=1,TI_PPHE
24.038624155302237,23.76396277855806,24.15738160427301,Q9TT36,THBG, Thyroxine-binding globulin OS=Bos taurus GN=SERPINA7 PE=2 SV=1,TI_PPHE
27.89300041192695,28.008949584582766,27.797862982986278,Q9TTE1,SPA31, Serpin A3-1 OS=Bos taurus GN=SERPINA3-1 PE=1 SV=3,TI_PPHE
19.2966518020089,19.43587341890487,19.480935915317083,Q9TTJ5,RGN, Regucalcin OS=Bos taurus GN=RGN PE=2 SV=1,TI_PPHE
19.210184774583347,19.495809256051064,19.412673868871362,Q9XSJ4,ENOA, Alpha-enolase OS=Bos taurus GN=ENO1 PE=1 SV=4,TI_PPHE
19.03875743813116,18.426575036010753,16.57829890711315,A1L595,K1C17," Keratin, type I cytoskeletal 17 OS=Bos taurus GN=KRT17 PE=2 SV=1",TI_P4000
20.113062698386912,21.90396904576839,21.36976735375126,A2I7M9,SPA32, Serpin A3-2 OS=Bos taurus GN=SERPINA3-2 PE=3 SV=1,TI_P4000
24.463190938043937,24.880432072313543,24.81690244562052,A2I7N0,SPA34, Serpin A3-4 OS=Bos taurus GN=SERPINA3-4 PE=3 SV=1,TI_P4000
21.603720891754328,18.539717857583682,17.953113114110867,A2I7N1,SPA35, Serpin A3-5 OS=Bos taurus GN=SERPINA3-5 PE=3 SV=1,TI_P4000
21.287379925303078,22.387205341828786,22.257737559988005,A2I7N2,SPA36, Serpin A3-6 OS=Bos taurus GN=SERPINA3-6 PE=3 SV=1,TI_P4000
25.290481992545878,26.311740530098916,26.205706037649644,A2I7N3,SPA37, Serpin A3-7 OS=Bos taurus GN=SERPINA3-7 PE=3 SV=1,TI_P4000
22.204102744045482,23.47461388620699,23.304979096989065,A6QPQ2,SPA38, Serpin A3-8 OS=Bos taurus GN=SERPINA3-8 PE=2 SV=1,TI_P4000
19.088593968164624,19.646450354620946,19.56422910158,A7E3W2,LG3BP, Galectin-3-binding protein OS=Bos taurus GN=LGALS3BP PE=1 SV=1,TI_P4000
21.494783705738364,22.143015578299945,22.071913152074355,E1BF81,CBG, Corticosteroid-binding globulin OS=Bos taurus GN=SERPINA6 PE=3 SV=1,TI_P4000
26.186504763461954,26.069388958854613,26.14051735529803,O46375,TTHY, Transthyretin OS=Bos taurus GN=TTR PE=1 SV=1,TI_P4000
19.150548263588714,18.607301549284276,19.288162786879607,P00442,SODC, Superoxide dismutase [Cu-Zn] OS=Bos taurus GN=SOD1 PE=1 SV=2,TI_P4000
25.242717339400592,25.429388090674426,25.413259373086017,P00735,THRB, Prothrombin OS=Bos taurus GN=F2 PE=1 SV=2,TI_P4000
19.387754186692167,19.42486748105328,19.386321251975208,P00741,FA9, Coagulation factor IX OS=Bos taurus GN=F9 PE=1 SV=2,TI_P4000
20.25652553105693,20.2050446113386,20.177049225369554,P00745,PROC, Vitamin K-dependent protein C (Fragment) OS=Bos taurus GN=PROC PE=1 SV=1,TI_P4000
26.168968395131934,26.26486482127601,26.14881023173709,P00978,AMBP, Protein AMBP OS=Bos taurus GN=AMBP PE=1 SV=2,TI_P4000
24.94560556468444,25.168246155389063,24.817183718415734,P01030,CO4, Complement C4 (Fragments) OS=Bos taurus GN=C4 PE=1 SV=2,TI_P4000
26.75366814116389,26.963991288859084,26.880663784122202,P01044,KNG1, Kininogen-1 OS=Bos taurus GN=KNG1 PE=1 SV=1,TI_P4000
23.802008949653338,23.632945074879068,23.753943716575293,P01045,KNG2, Kininogen-2 OS=Bos taurus GN=KNG2 PE=1 SV=1,TI_P4000
16.79474020993239,18.53312578883488,17.99275215804716,P01888,B2MG, Beta-2-microglobulin OS=Bos taurus GN=B2M PE=1 SV=2,TI_P4000
28.062764254559724,27.94241268703647,27.420019130193758,P01966,HBA, Hemoglobin subunit alpha OS=Bos taurus GN=HBA PE=1 SV=2,TI_P4000
23.059245615902864,23.488124895620963,23.383685156766344,P02070,HBB, Hemoglobin subunit beta OS=Bos taurus GN=HBB PE=1 SV=1,TI_P4000
29.020464132407504,29.150410273404006,28.957473566438466,P02081,HBBF, Hemoglobin fetal subunit beta OS=Bos taurus PE=1 SV=1,TI_P4000
22.617221812836313,23.098890478649142,23.036081790121973,P02453,CO1A1, Collagen alpha-1(I) chain OS=Bos taurus GN=COL1A1 PE=1 SV=3,TI_P4000
19.496299905665655,20.415901178780814,20.55772606628878,P02465,CO1A2, Collagen alpha-2(I) chain OS=Bos taurus GN=COL1A2 PE=1 SV=2,TI_P4000
20.85206384855838,21.88104670872068,21.59280245950772,P02584,PROF1, Profilin-1 OS=Bos taurus GN=PFN1 PE=1 SV=2,TI_P4000
22.476401207299965,23.09550486244971,23.030092514175312,P02672,FIBA, Fibrinogen alpha chain OS=Bos taurus GN=FGA PE=1 SV=5,TI_P4000
21.51324061044592,22.40365649052044,21.945393318048648,P02676,FIBB, Fibrinogen beta chain OS=Bos taurus GN=FGB PE=1 SV=2,TI_P4000
35.05241534103534,35.01208731083892,35.00613698832391,P02769,ALBU, Serum albumin OS=Bos taurus GN=ALB PE=1 SV=4,TI_P4000
20.908466107260924,20.84675443215969,20.816564845864217,P04815,BPT2, Spleen trypsin inhibitor I OS=Bos taurus PE=1 SV=2,TI_P4000
22.52412662842345,23.547560703761143,21.89990835041647,P06394,K1C10," Keratin, type I cytoskeletal 10 OS=Bos taurus GN=KRT10 PE=3 SV=1",TI_P4000
25.92266750563301,26.160959418843245,26.07972586086467,P06868,PLMN, Plasminogen OS=Bos taurus GN=PLG PE=1 SV=2,TI_P4000
22.336748188901606,22.853952271211973,22.664607603935668,P07224,PROS, Vitamin K-dependent protein S OS=Bos taurus GN=PROS1 PE=1 SV=1,TI_P4000
19.738808354410445,19.959249298462343,19.792886913663057,P07589,FINC, Fibronectin OS=Bos taurus GN=FN1 PE=1 SV=4,TI_P4000
19.10129710250777,19.03825795144469,18.67602086779423,P08169,MPRI, Cation-independent mannose-6-phosphate receptor OS=Bos taurus GN=IGF2R PE=1 SV=2,TI_P4000
19.999824099083078,19.84117235921463,19.647706765028264,P10096,G3P, Glyceraldehyde-3-phosphate dehydrogenase OS=Bos taurus GN=GAPDH PE=1 SV=4,TI_P4000
33.21341303875245,33.14856089577307,33.16024594619701,P12763,FETUA, Alpha-2-HS-glycoprotein OS=Bos taurus GN=AHSG PE=1 SV=2,TI_P4000
20.98175765910608,20.862708515613082,20.412787948710598,P12799,FIBG, Fibrinogen gamma-B chain OS=Bos taurus GN=FGG PE=1 SV=1,TI_P4000
28.41955798770074,28.72334135731499,28.53406517605783,P15497,APOA1, Apolipoprotein A-I OS=Bos taurus GN=APOA1 PE=1 SV=3,TI_P4000
25.615016019885218,25.713856224013018,25.621146318106728,P17690,APOH, Beta-2-glycoprotein 1 OS=Bos taurus GN=APOH PE=1 SV=4,TI_P4000
23.483088057114898,23.987165762069356,23.74184536784838,P17697,CLUS, Clusterin OS=Bos taurus GN=CLU PE=1 SV=1,TI_P4000
23.826600233018745,24.12084419730132,24.387604667197632,P18902,RET4, Retinol-binding protein 4 OS=Bos taurus GN=RBP4 PE=1 SV=1,TI_P4000
17.677721473198105,20.95065550106338,19.80902708771834,P19035,APOC3, Apolipoprotein C-III OS=Bos taurus GN=APOC3 PE=1 SV=2,TI_P4000
25.782644681415956,26.305923633312624,26.207620482539514,P28800,A2AP, Alpha-2-antiplasmin OS=Bos taurus GN=SERPINF2 PE=1 SV=2,TI_P4000
31.744031978234247,32.026352172333326,32.1241874721521,P34955,A1AT, Alpha-1-antiproteinase OS=Bos taurus GN=SERPINA1 PE=1 SV=1,TI_P4000
21.634256011407285,21.861446634728082,21.179793379940275,P35445,COMP, Cartilage oligomeric matrix protein OS=Bos taurus GN=COMP PE=1 SV=2,TI_P4000
26.272508182596837,26.600495399576943,26.52412069639267,P41361,ANT3, Antithrombin-III OS=Bos taurus GN=SERPINC1 PE=1 SV=2,TI_P4000
20.71726457899482,20.72057046931875,21.198569832693458,P42916,CL43, Collectin-43 OS=Bos taurus GN=CL43 PE=1 SV=2,TI_P4000
24.060788731275778,24.587423866004794,24.355817240924043,P50448,F12AI, Factor XIIa inhibitor OS=Bos taurus PE=1 SV=1,TI_P4000
19.314750048257185,19.425335012791923,19.016122444934844,P68301,MT2, Metallothionein-2 OS=Bos taurus GN=MT2 PE=1 SV=1,TI_P4000
25.42623140559086,25.652972593915017,25.589661177120185,P56652,ITIH3, Inter-alpha-trypsin inhibitor heavy chain H3 OS=Bos taurus GN=ITIH3 PE=1 SV=2,TI_P4000
25.800131153359096,26.038886025402597,25.981943318561715,P63258,ACTG," Actin, cytoplasmic 2 OS=Bos taurus GN=ACTG1 PE=1 SV=1",TI_P4000
18.508464483967206,18.42962562556426,18.447583618273434,P61223,RAP1B, Ras-related protein Rap-1b OS=Bos taurus GN=RAP1B PE=2 SV=1,TI_P4000
18.898648247968033,20.05845379381016,20.13663097224784,P62935,PPIA, Peptidyl-prolyl cis-trans isomerase A OS=Bos taurus GN=PPIA PE=1 SV=2,TI_P4000
20.499450975316005,22.256605686175615,21.873284000720293,Q3ZC07,ACTC," Actin, alpha cardiac muscle 1 OS=Bos taurus GN=ACTC1 PE=2 SV=1",TI_P4000
19.399112741278326,20.02870403529583,20.168020993367005,P80425,FABPL," Fatty acid-binding protein, liver OS=Bos taurus GN=FABP1 PE=1 SV=1",TI_P4000
25.8115168057484,25.957090098163913,25.805960674342902,P81187,CFAB, Complement factor B OS=Bos taurus GN=CFB PE=1 SV=2,TI_P4000
25.880895978990413,25.550731888347265,26.223022180903055,P81644,APOA2, Apolipoprotein A-II OS=Bos taurus GN=APOA2 PE=1 SV=2,TI_P4000
20.05015751983659,19.747496816743798,18.552149209632063,P81948,TBA4A, Tubulin alpha-4A chain OS=Bos taurus GN=TUBA4A PE=1 SV=2,TI_P4000
22.53899018185783,22.77696238376178,22.656812791636007,Q03247,APOE, Apolipoprotein E OS=Bos taurus GN=APOE PE=1 SV=1,TI_P4000
23.047500622141115,23.625530612853055,23.44830532787465,Q05443,LUM, Lumican OS=Bos taurus GN=LUM PE=1 SV=1,TI_P4000
24.181704975150836,24.460152708451275,24.36738766060327,Q0VCM5,ITIH1, Inter-alpha-trypsin inhibitor heavy chain H1 OS=Bos taurus GN=ITIH1 PE=1 SV=1,TI_P4000
19.6837360564567,20.57257478564687,19.055285574965836,Q148H6,K1C28," Keratin, type I cytoskeletal 28 OS=Bos taurus GN=KRT28 PE=2 SV=1",TI_P4000
19.639782349344024,20.31519518710526,18.773861682994323,Q148H7,K2C79," Keratin, type II cytoskeletal 79 OS=Bos taurus GN=KRT79 PE=2 SV=1",TI_P4000
21.633342268202078,21.51692607205119,21.553725507303383,Q28065,C4BPA, C4b-binding protein alpha chain OS=Bos taurus GN=C4BPA PE=2 SV=1,TI_P4000
24.303906636645777,24.454327404394203,24.362963294024485,Q28085,CFAH, Complement factor H OS=Bos taurus GN=CFH PE=1 SV=3,TI_P4000
19.986124853776936,19.998811223764772,20.113365102010835,Q28107,FA5, Coagulation factor V OS=Bos taurus GN=F5 PE=1 SV=1,TI_P4000
31.59736772612682,31.523058203148672,31.584076488750632,Q29443,TRFE, Serotransferrin OS=Bos taurus GN=TF PE=2 SV=1,TI_P4000
22.78228009829239,23.204416122964087,23.103651391621785,Q29RQ1,CO7, Complement component C7 OS=Bos taurus GN=C7 PE=2 SV=1,TI_P4000
18.72936659923896,19.52271038192728,17.806082549160408,Q29S21,K2C7," Keratin, type II cytoskeletal 7 OS=Bos taurus GN=KRT7 PE=2 SV=1",TI_P4000
17.97098179653948,18.446271811649915,18.402067468281732,Q2HJ57,COTL1, Coactosin-like protein OS=Bos taurus GN=COTL1 PE=2 SV=3,TI_P4000
17.99254133481932,18.228767737866328,18.542963493382658,Q3ZBU7,TBB4A, Tubulin beta-4A chain OS=Bos taurus GN=TUBB4A PE=2 SV=1,TI_P4000
20.17955429455493,20.13223409965371,20.164841823249326,Q2KIG3,CBPB2, Carboxypeptidase B2 OS=Bos taurus GN=CPB2 PE=1 SV=1,TI_P4000
20.995826410335624,21.314273135649252,21.119216839116124,Q2KIS7,TETN, Tetranectin OS=Bos taurus GN=CLEC3B PE=2 SV=1,TI_P4000
20.704471337586465,21.167110970982243,21.132055952845676,Q2KIT0,HP20, Protein HP-20 homolog OS=Bos taurus PE=2 SV=1,TI_P4000
21.298152668125212,21.698497952547715,21.618464363401507,Q2KJ63,KLKB1, Plasma kallikrein OS=Bos taurus GN=KLKB1 PE=2 SV=1,TI_P4000
27.020413728765618,27.174928296074214,27.11957418368135,Q2KJF1,A1BG, Alpha-1B-glycoprotein OS=Bos taurus GN=A1BG PE=1 SV=1,TI_P4000
27.789562199488785,28.1345607821776,28.101068337364758,Q2UVX4,CO3, Complement C3 OS=Bos taurus GN=C3 PE=1 SV=2,TI_P4000
19.998296236480574,21.11020270964358,21.058715272033773,Q32KY0,APOD, Apolipoprotein D OS=Bos taurus GN=APOD PE=2 SV=1,TI_P4000
19.248615918655407,19.31562204292229,19.146406470117974,Q32PJ2,APOA4, Apolipoprotein A-IV OS=Bos taurus GN=APOA4 PE=2 SV=1,TI_P4000
22.27630102072523,22.088936722815795,22.14188035962718,Q3MHN2,CO9, Complement component C9 OS=Bos taurus GN=C9 PE=2 SV=1,TI_P4000
28.887368310474553,29.02847473140068,29.00960392901397,Q3MHN5,VTDB, Vitamin D-binding protein OS=Bos taurus GN=GC PE=2 SV=1,TI_P4000
20.001263174750253,19.89175660702221,19.863526829555376,Q3SWW8,TSP4, Thrombospondin-4 OS=Bos taurus GN=THBS4 PE=2 SV=1,TI_P4000
24.084382616580232,24.23512532721175,24.19953391732551,Q3SX14,GELS, Gelsolin OS=Bos taurus GN=GSN PE=2 SV=1,TI_P4000
29.035007383834547,29.20448978810954,29.109729163909925,Q3SZ57,FETA, Alpha-fetoprotein OS=Bos taurus GN=AFP PE=2 SV=1,TI_P4000
27.603913757328154,27.7067084474824,27.712811902500395,Q3SZR3,A1AG, Alpha-1-acid glycoprotein OS=Bos taurus GN=ORM1 PE=2 SV=1,TI_P4000
27.426611812986838,27.582973079060157,27.558595506069903,Q3SZV7,HEMO, Hemopexin OS=Bos taurus GN=HPX PE=2 SV=1,TI_P4000
27.0022210810772,27.149220141312913,27.05147318298217,Q3T052,ITIH4, Inter-alpha-trypsin inhibitor heavy chain H4 OS=Bos taurus GN=ITIH4 PE=1 SV=1,TI_P4000
24.232484391723172,24.318986384271362,24.290736113248794,Q3Y5Z3,ADIPO, Adiponectin OS=Bos taurus GN=ADIPOQ PE=1 SV=1,TI_P4000
24.08759360174926,24.08074134836883,24.05573062555158,Q58CQ9,VNN1, Pantetheinase OS=Bos taurus GN=VNN1 PE=1 SV=1,TI_P4000
28.95208531319084,28.970022127174275,28.963309719384704,Q58D62,FETUB, Fetuin-B OS=Bos taurus GN=FETUB PE=1 SV=1,TI_P4000
18.48003393963405,19.172765933737494,18.764619769100847,Q5E9B1,LDHB, L-lactate dehydrogenase B chain OS=Bos taurus GN=LDHB PE=2 SV=4,TI_P4000
18.213680328587014,18.47664103067582,18.46499726053698,Q5E9F5,TAGL2, Transgelin-2 OS=Bos taurus GN=TAGLN2 PE=2 SV=3,TI_P4000
18.373681616633668,18.330617382914227,18.366634553195016,Q5E9F7,COF1, Cofilin-1 OS=Bos taurus GN=CFL1 PE=2 SV=3,TI_P4000
21.60185369695623,22.148063072126508,20.619066759263774,Q5XQN5,K2C5," Keratin, type II cytoskeletal 5 OS=Bos taurus GN=KRT5 PE=1 SV=1",TI_P4000
18.03318331931667,18.366866765814102,19.70832618178906,Q6URK6,CADH5, Cadherin-5 OS=Bos taurus GN=CDH5 PE=2 SV=1,TI_P4000
30.10862848857535,30.257009823661914,30.229037584052957,Q7SIH1,A2MG, Alpha-2-macroglobulin OS=Bos taurus GN=A2M PE=1 SV=2,TI_P4000
25.147774813773623,25.30985489249733,25.161493183737353,Q95121,PEDF, Pigment epithelium-derived factor OS=Bos taurus GN=SERPINF1 PE=1 SV=1,TI_P4000
21.06282625199666,21.600629747951274,21.596871013149574,Q95M17,CHIA, Acidic mammalian chitinase OS=Bos taurus GN=CHIA PE=1 SV=1,TI_P4000
20.093079384279996,19.954398226374753,19.93049444166931,Q9BGI3,PRDX2, Peroxiredoxin-2 OS=Bos taurus GN=PRDX2 PE=2 SV=1,TI_P4000
22.33834492607161,22.464632060044842,22.313457877663275,Q9N2I2,IPSP, Plasma serine protease inhibitor OS=Bos taurus GN=SERPINA5 PE=1 SV=1,TI_P4000
23.754476464269345,24.02057481722545,23.93789413525772,Q9TT36,THBG, Thyroxine-binding globulin OS=Bos taurus GN=SERPINA7 PE=2 SV=1,TI_P4000
27.505914960693058,27.99668778496763,27.94240304854394,Q9TTE1,SPA31, Serpin A3-1 OS=Bos taurus GN=SERPINA3-1 PE=1 SV=3,TI_P4000
19.206968528570027,19.351942752880483,18.68752097024034,Q9TTJ5,RGN, Regucalcin OS=Bos taurus GN=RGN PE=2 SV=1,TI_P4000
19.46664791614215,19.545850012677807,19.418078903234196,Q9XSJ4,ENOA, Alpha-enolase OS=Bos taurus GN=ENO1 PE=1 SV=4,TI_P4000
17.671191866797248,20.469920262931932,19.349705472766658,A1L595,K1C17," Keratin, type I cytoskeletal 17 OS=Bos taurus GN=KRT17 PE=2 SV=1",TI_CT_CH
21.70226067029713,21.936734695753973,21.678055970910556,A2I7M9,SPA32, Serpin A3-2 OS=Bos taurus GN=SERPINA3-2 PE=3 SV=1,TI_CT_CH
24.90659037374041,24.775911283591164,24.52060628330048,A2I7N0,SPA34, Serpin A3-4 OS=Bos taurus GN=SERPINA3-4 PE=3 SV=1,TI_CT_CH
18.2269127347124,18.856356428190857,18.904372051570558,A2I7N1,SPA35, Serpin A3-5 OS=Bos taurus GN=SERPINA3-5 PE=3 SV=1,TI_CT_CH
22.606170910821703,23.23038700259553,23.632911380282618,A2I7N2,SPA36, Serpin A3-6 OS=Bos taurus GN=SERPINA3-6 PE=3 SV=1,TI_CT_CH
26.365351093040672,26.723835482908296,26.650406611566666,A2I7N3,SPA37, Serpin A3-7 OS=Bos taurus GN=SERPINA3-7 PE=3 SV=1,TI_CT_CH
23.66458373587128,23.889215517182837,24.013172837554457,A6QPQ2,SPA38, Serpin A3-8 OS=Bos taurus GN=SERPINA3-8 PE=2 SV=1,TI_CT_CH
19.17605905303297,19.15040376114117,18.845137812660475,A7E3W2,LG3BP, Galectin-3-binding protein OS=Bos taurus GN=LGALS3BP PE=1 SV=1,TI_CT_CH
21.898095030637382,22.035470687928633,21.700397138664954,E1BF81,CBG, Corticosteroid-binding globulin OS=Bos taurus GN=SERPINA6 PE=3 SV=1,TI_CT_CH
26.07501055280564,25.998315325929102,26.718403257206305,O46375,TTHY, Transthyretin OS=Bos taurus GN=TTR PE=1 SV=1,TI_CT_CH
19.854092399392123,19.803834297549795,19.789952986920166,P00442,SODC, Superoxide dismutase [Cu-Zn] OS=Bos taurus GN=SOD1 PE=1 SV=2,TI_CT_CH
25.37459991262722,25.38904146078165,25.11814992418071,P00735,THRB, Prothrombin OS=Bos taurus GN=F2 PE=1 SV=2,TI_CT_CH
19.402016457293946,19.430065130487066,19.144555403677238,P00741,FA9, Coagulation factor IX OS=Bos taurus GN=F9 PE=1 SV=2,TI_CT_CH
19.90456023781989,19.943413716950268,19.6259297643918,P00745,PROC, Vitamin K-dependent protein C (Fragment) OS=Bos taurus GN=PROC PE=1 SV=1,TI_CT_CH
26.224574180943968,26.305455763543335,25.998207747710588,P00978,AMBP, Protein AMBP OS=Bos taurus GN=AMBP PE=1 SV=2,TI_CT_CH
24.978989525145273,25.094793775583582,25.085142623928785,P01030,CO4, Complement C4 (Fragments) OS=Bos taurus GN=C4 PE=1 SV=2,TI_CT_CH
26.912532945880344,26.892483145945434,26.702234509047603,P01044,KNG1, Kininogen-1 OS=Bos taurus GN=KNG1 PE=1 SV=1,TI_CT_CH
23.719321584029508,23.62837537047808,23.396054060435954,P01045,KNG2, Kininogen-2 OS=Bos taurus GN=KNG2 PE=1 SV=1,TI_CT_CH
18.788620627588475,18.975729603544178,19.953792819475243,P01888,B2MG, Beta-2-microglobulin OS=Bos taurus GN=B2M PE=1 SV=2,TI_CT_CH
27.68763844842273,28.168093121102128,28.694282374342755,P01966,HBA, Hemoglobin subunit alpha OS=Bos taurus GN=HBA PE=1 SV=2,TI_CT_CH
23.50240685683986,23.77623663625441,23.639819358367436,P02070,HBB, Hemoglobin subunit beta OS=Bos taurus GN=HBB PE=1 SV=1,TI_CT_CH
29.039959209533574,29.314864524952455,29.20042202543022,P02081,HBBF, Hemoglobin fetal subunit beta OS=Bos taurus PE=1 SV=1,TI_CT_CH
23.03715325605284,23.190175776103807,23.04001974852509,P02453,CO1A1, Collagen alpha-1(I) chain OS=Bos taurus GN=COL1A1 PE=1 SV=3,TI_CT_CH
20.477796232153164,20.464358252532744,20.35991150011919,P02465,CO1A2, Collagen alpha-2(I) chain OS=Bos taurus GN=COL1A2 PE=1 SV=2,TI_CT_CH
21.76061020724314,21.85694101975511,21.583028626534457,P02584,PROF1, Profilin-1 OS=Bos taurus GN=PFN1 PE=1 SV=2,TI_CT_CH
23.226748945223573,23.401274719523332,23.104940863776974,P02672,FIBA, Fibrinogen alpha chain OS=Bos taurus GN=FGA PE=1 SV=5,TI_CT_CH
22.2057497383114,22.21573271508632,21.990880104839654,P02676,FIBB, Fibrinogen beta chain OS=Bos taurus GN=FGB PE=1 SV=2,TI_CT_CH
35.05693632930722,35.03819954777626,35.02995892755491,P02769,ALBU, Serum albumin OS=Bos taurus GN=ALB PE=1 SV=4,TI_CT_CH
20.913302239806434,20.90197353708149,20.830860723703715,P04815,BPT2, Spleen trypsin inhibitor I OS=Bos taurus PE=1 SV=2,TI_CT_CH
22.620891109102548,25.105676207618234,23.593626223272505,P06394,K1C10," Keratin, type I cytoskeletal 10 OS=Bos taurus GN=KRT10 PE=3 SV=1",TI_CT_CH
26.094802467996544,26.237744346531457,26.03230932212494,P06868,PLMN, Plasminogen OS=Bos taurus GN=PLG PE=1 SV=2,TI_CT_CH
22.50696635142927,22.736878149299695,22.486647453462897,P07224,PROS, Vitamin K-dependent protein S OS=Bos taurus GN=PROS1 PE=1 SV=1,TI_CT_CH
19.968967373315998,20.207432838285936,20.030731762540626,P07589,FINC, Fibronectin OS=Bos taurus GN=FN1 PE=1 SV=4,TI_CT_CH
18.917053749843724,19.605740592268628,19.375737959117437,P08169,MPRI, Cation-independent mannose-6-phosphate receptor OS=Bos taurus GN=IGF2R PE=1 SV=2,TI_CT_CH
19.701467939492055,19.658073062501835,19.73203926719864,P10096,G3P, Glyceraldehyde-3-phosphate dehydrogenase OS=Bos taurus GN=GAPDH PE=1 SV=4,TI_CT_CH
33.163655805220706,33.03571359919809,33.08613463053444,P12763,FETUA, Alpha-2-HS-glycoprotein OS=Bos taurus GN=AHSG PE=1 SV=2,TI_CT_CH
20.64747096123109,20.846660819008303,20.62220797752499,P12799,FIBG, Fibrinogen gamma-B chain OS=Bos taurus GN=FGG PE=1 SV=1,TI_CT_CH
28.514672758621785,28.783087560993856,28.781186322837737,P15497,APOA1, Apolipoprotein A-I OS=Bos taurus GN=APOA1 PE=1 SV=3,TI_CT_CH
25.608758525806714,25.768101173834612,25.507203820153208,P17690,APOH, Beta-2-glycoprotein 1 OS=Bos taurus GN=APOH PE=1 SV=4,TI_CT_CH
23.776896996271926,23.811902201698217,23.631816440334553,P17697,CLUS, Clusterin OS=Bos taurus GN=CLU PE=1 SV=1,TI_CT_CH
23.966615326931368,24.399955768378376,24.19668480620684,P18902,RET4, Retinol-binding protein 4 OS=Bos taurus GN=RBP4 PE=1 SV=1,TI_CT_CH
20.357148340031948,21.17325340942294,21.097416802885036,P19035,APOC3, Apolipoprotein C-III OS=Bos taurus GN=APOC3 PE=1 SV=2,TI_CT_CH
26.291616350725086,26.37825829808754,26.34428743430228,P28800,A2AP, Alpha-2-antiplasmin OS=Bos taurus GN=SERPINF2 PE=1 SV=2,TI_CT_CH
31.77269788795265,31.987956639911392,32.14831567765493,P34955,A1AT, Alpha-1-antiproteinase OS=Bos taurus GN=SERPINA1 PE=1 SV=1,TI_CT_CH
21.675562348906343,21.697223483499332,21.378469043777592,P35445,COMP, Cartilage oligomeric matrix protein OS=Bos taurus GN=COMP PE=1 SV=2,TI_CT_CH
26.579886890860195,26.562136229393722,26.57093675157393,P41361,ANT3, Antithrombin-III OS=Bos taurus GN=SERPINC1 PE=1 SV=2,TI_CT_CH
20.791945623741913,20.90221204835145,20.74324013967069,P42916,CL43, Collectin-43 OS=Bos taurus GN=CL43 PE=1 SV=2,TI_CT_CH
24.371362199251646,24.541326396555704,24.308059731607703,P50448,F12AI, Factor XIIa inhibitor OS=Bos taurus PE=1 SV=1,TI_CT_CH
19.175164224456072,19.263128964432937,18.90797990002226,P68301,MT2, Metallothionein-2 OS=Bos taurus GN=MT2 PE=1 SV=1,TI_CT_CH
25.522000755222475,25.564539896896882,25.51613243179063,P56652,ITIH3, Inter-alpha-trypsin inhibitor heavy chain H3 OS=Bos taurus GN=ITIH3 PE=1 SV=2,TI_CT_CH
25.812244934251027,25.92970290937953,25.80981104987382,P63258,ACTG," Actin, cytoplasmic 2 OS=Bos taurus GN=ACTG1 PE=1 SV=1",TI_CT_CH
18.558622494245537,18.37367942421662,18.607133110916394,P61223,RAP1B, Ras-related protein Rap-1b OS=Bos taurus GN=RAP1B PE=2 SV=1,TI_CT_CH
20.421272762694482,20.29577533532652,20.191683201648193,P62935,PPIA, Peptidyl-prolyl cis-trans isomerase A OS=Bos taurus GN=PPIA PE=1 SV=2,TI_CT_CH
21.585765678555696,21.662268637493288,21.78259400351024,Q3ZC07,ACTC," Actin, alpha cardiac muscle 1 OS=Bos taurus GN=ACTC1 PE=2 SV=1",TI_CT_CH
20.294736019261535,20.42023921079318,20.426723370947094,P80425,FABPL," Fatty acid-binding protein, liver OS=Bos taurus GN=FABP1 PE=1 SV=1",TI_CT_CH
25.828679843953513,25.966040027158535,25.845091536095833,P81187,CFAB, Complement factor B OS=Bos taurus GN=CFB PE=1 SV=2,TI_CT_CH
25.434533173745653,26.17094160566904,26.899930267536632,P81644,APOA2, Apolipoprotein A-II OS=Bos taurus GN=APOA2 PE=1 SV=2,TI_CT_CH
18.536639870207026,18.878102941831248,19.48181390154251,P81948,TBA4A, Tubulin alpha-4A chain OS=Bos taurus GN=TUBA4A PE=1 SV=2,TI_CT_CH
22.664858534927525,22.67870375070133,22.408633954480173,Q03247,APOE, Apolipoprotein E OS=Bos taurus GN=APOE PE=1 SV=1,TI_CT_CH
23.473959170863235,23.553478188012303,23.2958658121704,Q05443,LUM, Lumican OS=Bos taurus GN=LUM PE=1 SV=1,TI_CT_CH
24.251331495544875,24.3290992426465,24.198451806367896,Q0VCM5,ITIH1, Inter-alpha-trypsin inhibitor heavy chain H1 OS=Bos taurus GN=ITIH1 PE=1 SV=1,TI_CT_CH
19.979009415866972,22.504715850899856,20.450704612559985,Q148H6,K1C28," Keratin, type I cytoskeletal 28 OS=Bos taurus GN=KRT28 PE=2 SV=1",TI_CT_CH
19.513829030131426,22.439306944780267,20.032927336399766,Q148H7,K2C79," Keratin, type II cytoskeletal 79 OS=Bos taurus GN=KRT79 PE=2 SV=1",TI_CT_CH
21.150147969112478,21.255504185926878,21.0505599718395,Q28065,C4BPA, C4b-binding protein alpha chain OS=Bos taurus GN=C4BPA PE=2 SV=1,TI_CT_CH
24.40201645729395,24.44321542489552,24.24278692335785,Q28085,CFAH, Complement factor H OS=Bos taurus GN=CFH PE=1 SV=3,TI_CT_CH
19.84020224900082,20.120826249577114,19.846648698101653,Q28107,FA5, Coagulation factor V OS=Bos taurus GN=F5 PE=1 SV=1,TI_CT_CH
31.530851977222422,31.556753239341166,31.405906983340415,Q29443,TRFE, Serotransferrin OS=Bos taurus GN=TF PE=2 SV=1,TI_CT_CH
22.751867121252385,23.16914647720343,22.885251384759766,Q29RQ1,CO7, Complement component C7 OS=Bos taurus GN=C7 PE=2 SV=1,TI_CT_CH
18.278565277589202,20.422984587532,20.14748544660153,Q29S21,K2C7," Keratin, type II cytoskeletal 7 OS=Bos taurus GN=KRT7 PE=2 SV=1",TI_CT_CH
18.457686726943834,18.444597782689023,18.149410523667513,Q2HJ57,COTL1, Coactosin-like protein OS=Bos taurus GN=COTL1 PE=2 SV=3,TI_CT_CH
17.64218844005814,17.907722590365445,17.553976657695422,Q3ZBU7,TBB4A, Tubulin beta-4A chain OS=Bos taurus GN=TUBB4A PE=2 SV=1,TI_CT_CH
19.05719244398528,20.08261242954783,19.976052341464683,Q2KIG3,CBPB2, Carboxypeptidase B2 OS=Bos taurus GN=CPB2 PE=1 SV=1,TI_CT_CH
21.077943826475533,21.40912124630903,21.23539118011203,Q2KIS7,TETN, Tetranectin OS=Bos taurus GN=CLEC3B PE=2 SV=1,TI_CT_CH
21.033944314185955,21.32817865780442,20.89648922315368,Q2KIT0,HP20, Protein HP-20 homolog OS=Bos taurus PE=2 SV=1,TI_CT_CH
21.524940485859656,21.182218254324887,21.148435805675415,Q2KJ63,KLKB1, Plasma kallikrein OS=Bos taurus GN=KLKB1 PE=2 SV=1,TI_CT_CH
27.021133285664217,27.159544943413902,26.983151507253044,Q2KJF1,A1BG, Alpha-1B-glycoprotein OS=Bos taurus GN=A1BG PE=1 SV=1,TI_CT_CH
28.059065419024037,28.291262130703828,28.153458546459635,Q2UVX4,CO3, Complement C3 OS=Bos taurus GN=C3 PE=1 SV=2,TI_CT_CH
21.478609317624645,20.998273489885634,21.028451336349157,Q32KY0,APOD, Apolipoprotein D OS=Bos taurus GN=APOD PE=2 SV=1,TI_CT_CH
18.970924487018994,19.258907264909595,19.080848890384985,Q32PJ2,APOA4, Apolipoprotein A-IV OS=Bos taurus GN=APOA4 PE=2 SV=1,TI_CT_CH
22.177061219069238,22.39474203688857,22.242611274116648,Q3MHN2,CO9, Complement component C9 OS=Bos taurus GN=C9 PE=2 SV=1,TI_CT_CH
28.941501370070046,28.993225094162007,28.790666000607114,Q3MHN5,VTDB, Vitamin D-binding protein OS=Bos taurus GN=GC PE=2 SV=1,TI_CT_CH
19.617800094554745,19.74041752373059,19.519881735679547,Q3SWW8,TSP4, Thrombospondin-4 OS=Bos taurus GN=THBS4 PE=2 SV=1,TI_CT_CH
24.224737285533163,24.28708012423969,24.17051703786889,Q3SX14,GELS, Gelsolin OS=Bos taurus GN=GSN PE=2 SV=1,TI_CT_CH
29.06398990984496,29.106476961198467,29.006895192982714,Q3SZ57,FETA, Alpha-fetoprotein OS=Bos taurus GN=AFP PE=2 SV=1,TI_CT_CH
27.729291986676177,27.706015039664223,27.32004046611412,Q3SZR3,A1AG, Alpha-1-acid glycoprotein OS=Bos taurus GN=ORM1 PE=2 SV=1,TI_CT_CH
27.465682654684862,27.486545887501595,27.182973888342033,Q3SZV7,HEMO, Hemopexin OS=Bos taurus GN=HPX PE=2 SV=1,TI_CT_CH
26.925177003674257,27.07636737904449,26.966186723311,Q3T052,ITIH4, Inter-alpha-trypsin inhibitor heavy chain H4 OS=Bos taurus GN=ITIH4 PE=1 SV=1,TI_CT_CH
24.35536172055793,24.309900974970972,24.71418669701964,Q3Y5Z3,ADIPO, Adiponectin OS=Bos taurus GN=ADIPOQ PE=1 SV=1,TI_CT_CH
24.016564814733886,23.915373208839643,23.80114023705903,Q58CQ9,VNN1, Pantetheinase OS=Bos taurus GN=VNN1 PE=1 SV=1,TI_CT_CH
28.986649236829603,28.92810248049221,28.8319318472282,Q58D62,FETUB, Fetuin-B OS=Bos taurus GN=FETUB PE=1 SV=1,TI_CT_CH
19.01069598259297,19.26817134844014,19.15155757744113,Q5E9B1,LDHB, L-lactate dehydrogenase B chain OS=Bos taurus GN=LDHB PE=2 SV=4,TI_CT_CH
18.309546936564463,18.14376215567941,18.296638714251472,Q5E9F5,TAGL2, Transgelin-2 OS=Bos taurus GN=TAGLN2 PE=2 SV=3,TI_CT_CH
17.945272550967502,18.155935174458577,17.94777166562359,Q5E9F7,COF1, Cofilin-1 OS=Bos taurus GN=CFL1 PE=2 SV=3,TI_CT_CH
21.51716902673279,23.672040262135095,22.34182291629129,Q5XQN5,K2C5," Keratin, type II cytoskeletal 5 OS=Bos taurus GN=KRT5 PE=1 SV=1",TI_CT_CH
20.192742757990235,20.14692576300913,20.05755312350763,Q6URK6,CADH5, Cadherin-5 OS=Bos taurus GN=CDH5 PE=2 SV=1,TI_CT_CH
30.091273448392474,30.196195033174305,30.165958719383433,Q7SIH1,A2MG, Alpha-2-macroglobulin OS=Bos taurus GN=A2M PE=1 SV=2,TI_CT_CH
25.134210241891957,25.230238581760563,25.140318871609622,Q95121,PEDF, Pigment epithelium-derived factor OS=Bos taurus GN=SERPINF1 PE=1 SV=1,TI_CT_CH
21.256956614358064,21.44016956729813,21.100909229937194,Q95M17,CHIA, Acidic mammalian chitinase OS=Bos taurus GN=CHIA PE=1 SV=1,TI_CT_CH
19.53685607807475,19.523647956001447,19.425320853784246,Q9BGI3,PRDX2, Peroxiredoxin-2 OS=Bos taurus GN=PRDX2 PE=2 SV=1,TI_CT_CH
22.292354659345143,22.467484484630546,22.443234100032587,Q9N2I2,IPSP, Plasma serine protease inhibitor OS=Bos taurus GN=SERPINA5 PE=1 SV=1,TI_CT_CH
23.71455102567584,23.823912219367635,23.482091674851752,Q9TT36,THBG, Thyroxine-binding globulin OS=Bos taurus GN=SERPINA7 PE=2 SV=1,TI_CT_CH
28.01117155596367,28.079707477382687,27.959144133227557,Q9TTE1,SPA31, Serpin A3-1 OS=Bos taurus GN=SERPINA3-1 PE=1 SV=3,TI_CT_CH
19.259098614388048,19.558264985317127,19.39929337881462,Q9TTJ5,RGN, Regucalcin OS=Bos taurus GN=RGN PE=2 SV=1,TI_CT_CH
19.94346153036755,19.995984604944795,19.995585199987552,Q9XSJ4,ENOA, Alpha-enolase OS=Bos taurus GN=ENO1 PE=1 SV=4,TI_CT_CH
18.952990161269813,16.99527055296641,16.202842120297408,A1L595,K1C17," Keratin, type I cytoskeletal 17 OS=Bos taurus GN=KRT17 PE=2 SV=1",TI_CT_CH_TPP
22.252519535127274,23.34181908790336,22.72719979169246,A2I7M9,SPA32, Serpin A3-2 OS=Bos taurus GN=SERPINA3-2 PE=3 SV=1,TI_CT_CH_TPP
24.99835178611189,23.974141508658025,24.327389590560262,A2I7N0,SPA34, Serpin A3-4 OS=Bos taurus GN=SERPINA3-4 PE=3 SV=1,TI_CT_CH_TPP
18.082183637453053,16.926333413824597,16.594139321662542,A2I7N1,SPA35, Serpin A3-5 OS=Bos taurus GN=SERPINA3-5 PE=3 SV=1,TI_CT_CH_TPP
23.024298918431725,23.74084247899947,23.05329875936499,A2I7N2,SPA36, Serpin A3-6 OS=Bos taurus GN=SERPINA3-6 PE=3 SV=1,TI_CT_CH_TPP
26.563889840991262,26.49915425162813,26.185507931753282,A2I7N3,SPA37, Serpin A3-7 OS=Bos taurus GN=SERPINA3-7 PE=3 SV=1,TI_CT_CH_TPP
23.885049142653916,24.30136695366657,23.629811118545202,A6QPQ2,SPA38, Serpin A3-8 OS=Bos taurus GN=SERPINA3-8 PE=2 SV=1,TI_CT_CH_TPP
19.21076973392609,19.235918814196403,19.48244301961423,A7E3W2,LG3BP, Galectin-3-binding protein OS=Bos taurus GN=LGALS3BP PE=1 SV=1,TI_CT_CH_TPP
21.992835657921688,22.35792177948518,22.14944850178866,E1BF81,CBG, Corticosteroid-binding globulin OS=Bos taurus GN=SERPINA6 PE=3 SV=1,TI_CT_CH_TPP
26.149784351997273,26.177097732631292,26.445557261760623,O46375,TTHY, Transthyretin OS=Bos taurus GN=TTR PE=1 SV=1,TI_CT_CH_TPP
19.344228703144978,18.812681976214904,19.148571820356167,P00442,SODC, Superoxide dismutase [Cu-Zn] OS=Bos taurus GN=SOD1 PE=1 SV=2,TI_CT_CH_TPP
25.257848314787818,25.193591936364697,25.168626404959497,P00735,THRB, Prothrombin OS=Bos taurus GN=F2 PE=1 SV=2,TI_CT_CH_TPP
19.119535363850108,19.016143433085247,18.89416850914564,P00741,FA9, Coagulation factor IX OS=Bos taurus GN=F9 PE=1 SV=2,TI_CT_CH_TPP
20.12735593871716,19.803526470114967,19.79537419200222,P00745,PROC, Vitamin K-dependent protein C (Fragment) OS=Bos taurus GN=PROC PE=1 SV=1,TI_CT_CH_TPP
26.067875496952784,25.83054564141505,25.80652247232361,P00978,AMBP, Protein AMBP OS=Bos taurus GN=AMBP PE=1 SV=2,TI_CT_CH_TPP
25.085644373798697,25.46392624428484,25.196203351453413,P01030,CO4, Complement C4 (Fragments) OS=Bos taurus GN=C4 PE=1 SV=2,TI_CT_CH_TPP
26.94242770166303,26.897161807416552,26.69584635004008,P01044,KNG1, Kininogen-1 OS=Bos taurus GN=KNG1 PE=1 SV=1,TI_CT_CH_TPP
23.71042971867789,23.2262113794049,23.29101269128297,P01045,KNG2, Kininogen-2 OS=Bos taurus GN=KNG2 PE=1 SV=1,TI_CT_CH_TPP
19.80887044484504,18.954899369979184,18.945050459810595,P01888,B2MG, Beta-2-microglobulin OS=Bos taurus GN=B2M PE=1 SV=2,TI_CT_CH_TPP
27.410547033444136,27.342806936149717,26.977408426022215,P01966,HBA, Hemoglobin subunit alpha OS=Bos taurus GN=HBA PE=1 SV=2,TI_CT_CH_TPP
23.57130649627086,23.12992900316326,22.9915907775286,P02070,HBB, Hemoglobin subunit beta OS=Bos taurus GN=HBB PE=1 SV=1,TI_CT_CH_TPP
29.002216675260478,28.914197101663458,28.92214588984531,P02081,HBBF, Hemoglobin fetal subunit beta OS=Bos taurus PE=1 SV=1,TI_CT_CH_TPP
23.192106978861936,23.529088357440397,22.921422811004884,P02453,CO1A1, Collagen alpha-1(I) chain OS=Bos taurus GN=COL1A1 PE=1 SV=3,TI_CT_CH_TPP
20.341905153522337,20.689810041982717,20.63873253654306,P02465,CO1A2, Collagen alpha-2(I) chain OS=Bos taurus GN=COL1A2 PE=1 SV=2,TI_CT_CH_TPP
21.647153717780004,21.7283928376977,21.507740409482324,P02584,PROF1, Profilin-1 OS=Bos taurus GN=PFN1 PE=1 SV=2,TI_CT_CH_TPP
23.267542715021538,22.48301198060272,22.367357395710414,P02672,FIBA, Fibrinogen alpha chain OS=Bos taurus GN=FGA PE=1 SV=5,TI_CT_CH_TPP
21.96312828899236,21.534712384584576,21.579333201101523,P02676,FIBB, Fibrinogen beta chain OS=Bos taurus GN=FGB PE=1 SV=2,TI_CT_CH_TPP
35.04132005650079,34.82549532337765,34.84078475867411,P02769,ALBU, Serum albumin OS=Bos taurus GN=ALB PE=1 SV=4,TI_CT_CH_TPP
20.77551507956498,20.245912426509893,20.26429339151935,P04815,BPT2, Spleen trypsin inhibitor I OS=Bos taurus PE=1 SV=2,TI_CT_CH_TPP
22.685280783617145,21.38316954961969,21.553572316768367,P06394,K1C10," Keratin, type I cytoskeletal 10 OS=Bos taurus GN=KRT10 PE=3 SV=1",TI_CT_CH_TPP
25.998873310057927,25.579288735269884,25.542124162997094,P06868,PLMN, Plasminogen OS=Bos taurus GN=PLG PE=1 SV=2,TI_CT_CH_TPP
22.848971225100044,22.715068423995113,22.419438848286553,P07224,PROS, Vitamin K-dependent protein S OS=Bos taurus GN=PROS1 PE=1 SV=1,TI_CT_CH_TPP
20.034732274765442,19.83134287362411,19.845596439769672,P07589,FINC, Fibronectin OS=Bos taurus GN=FN1 PE=1 SV=4,TI_CT_CH_TPP
19.31003522153009,18.760243948989196,19.108576410443632,P08169,MPRI, Cation-independent mannose-6-phosphate receptor OS=Bos taurus GN=IGF2R PE=1 SV=2,TI_CT_CH_TPP
19.499733787258542,19.227146198735685,19.384122095674446,P10096,G3P, Glyceraldehyde-3-phosphate dehydrogenase OS=Bos taurus GN=GAPDH PE=1 SV=4,TI_CT_CH_TPP
33.02470066238,33.332666697868184,33.32018084926715,P12763,FETUA, Alpha-2-HS-glycoprotein OS=Bos taurus GN=AHSG PE=1 SV=2,TI_CT_CH_TPP
20.279467353320513,18.68459163692864,18.894721039054527,P12799,FIBG, Fibrinogen gamma-B chain OS=Bos taurus GN=FGG PE=1 SV=1,TI_CT_CH_TPP
28.440796206025276,28.02359253660141,28.112369195131294,P15497,APOA1, Apolipoprotein A-I OS=Bos taurus GN=APOA1 PE=1 SV=3,TI_CT_CH_TPP
25.57830254393607,25.435397446629707,25.44753398874932,P17690,APOH, Beta-2-glycoprotein 1 OS=Bos taurus GN=APOH PE=1 SV=4,TI_CT_CH_TPP
23.737536756346827,23.745093740878605,23.70644364007379,P17697,CLUS, Clusterin OS=Bos taurus GN=CLU PE=1 SV=1,TI_CT_CH_TPP
24.6002872342368,24.52133620822041,24.374873295853106,P18902,RET4, Retinol-binding protein 4 OS=Bos taurus GN=RBP4 PE=1 SV=1,TI_CT_CH_TPP
20.05630666080699,19.812285116569456,18.95060324329718,P19035,APOC3, Apolipoprotein C-III OS=Bos taurus GN=APOC3 PE=1 SV=2,TI_CT_CH_TPP
26.345168931100126,26.26767980694689,26.28816166265978,P28800,A2AP, Alpha-2-antiplasmin OS=Bos taurus GN=SERPINF2 PE=1 SV=2,TI_CT_CH_TPP
32.025732910016124,32.73808249148798,32.75367814073797,P34955,A1AT, Alpha-1-antiproteinase OS=Bos taurus GN=SERPINA1 PE=1 SV=1,TI_CT_CH_TPP
21.291250285187804,20.961973225708746,20.55342235366499,P35445,COMP, Cartilage oligomeric matrix protein OS=Bos taurus GN=COMP PE=1 SV=2,TI_CT_CH_TPP
26.64092860282306,26.643246525732177,26.66783544284555,P41361,ANT3, Antithrombin-III OS=Bos taurus GN=SERPINC1 PE=1 SV=2,TI_CT_CH_TPP
20.577536889795088,19.84447038645544,20.060035145754515,P42916,CL43, Collectin-43 OS=Bos taurus GN=CL43 PE=1 SV=2,TI_CT_CH_TPP
24.458119893389984,24.822562678920438,24.798899578359208,P50448,F12AI, Factor XIIa inhibitor OS=Bos taurus PE=1 SV=1,TI_CT_CH_TPP
18.77429550923124,17.694885259686714,17.743270263988954,P68301,MT2, Metallothionein-2 OS=Bos taurus GN=MT2 PE=1 SV=1,TI_CT_CH_TPP
25.412682403685046,26.44813675512094,26.246977774514864,P56652,ITIH3, Inter-alpha-trypsin inhibitor heavy chain H3 OS=Bos taurus GN=ITIH3 PE=1 SV=2,TI_CT_CH_TPP
25.867745713262103,25.647617218752405,25.65132617114149,P63258,ACTG," Actin, cytoplasmic 2 OS=Bos taurus GN=ACTG1 PE=1 SV=1",TI_CT_CH_TPP
18.271166121296066,18.232165651844618,18.16476208105203,P61223,RAP1B, Ras-related protein Rap-1b OS=Bos taurus GN=RAP1B PE=2 SV=1,TI_CT_CH_TPP
20.287333324265518,20.0292175235118,19.83321412309245,P62935,PPIA, Peptidyl-prolyl cis-trans isomerase A OS=Bos taurus GN=PPIA PE=1 SV=2,TI_CT_CH_TPP
21.934429469113862,21.45235241969691,21.140191704940896,Q3ZC07,ACTC," Actin, alpha cardiac muscle 1 OS=Bos taurus GN=ACTC1 PE=2 SV=1",TI_CT_CH_TPP
19.456882207595584,19.64413411265144,19.56628731470488,P80425,FABPL," Fatty acid-binding protein, liver OS=Bos taurus GN=FABP1 PE=1 SV=1",TI_CT_CH_TPP
26.017872354156665,26.295946406838013,26.035826960504732,P81187,CFAB, Complement factor B OS=Bos taurus GN=CFB PE=1 SV=2,TI_CT_CH_TPP
26.281880313112367,27.903450330144985,26.79800980901264,P81644,APOA2, Apolipoprotein A-II OS=Bos taurus GN=APOA2 PE=1 SV=2,TI_CT_CH_TPP
19.071515920637154,19.2763799490636,19.425351092442064,P81948,TBA4A, Tubulin alpha-4A chain OS=Bos taurus GN=TUBA4A PE=1 SV=2,TI_CT_CH_TPP
22.447569507116718,21.72289015974069,21.90594278857906,Q03247,APOE, Apolipoprotein E OS=Bos taurus GN=APOE PE=1 SV=1,TI_CT_CH_TPP
23.50898894895146,23.568885030171774,23.54818888649619,Q05443,LUM, Lumican OS=Bos taurus GN=LUM PE=1 SV=1,TI_CT_CH_TPP
24.35419058570184,25.12711748643079,24.90518399713178,Q0VCM5,ITIH1, Inter-alpha-trypsin inhibitor heavy chain H1 OS=Bos taurus GN=ITIH1 PE=1 SV=1,TI_CT_CH_TPP
19.965911952236304,18.08821290074951,18.24284725951224,Q148H6,K1C28," Keratin, type I cytoskeletal 28 OS=Bos taurus GN=KRT28 PE=2 SV=1",TI_CT_CH_TPP
19.592666307225556,18.309689219448828,18.72845121314567,Q148H7,K2C79," Keratin, type II cytoskeletal 79 OS=Bos taurus GN=KRT79 PE=2 SV=1",TI_CT_CH_TPP
20.84111179955312,20.27420432408861,20.3076755802171,Q28065,C4BPA, C4b-binding protein alpha chain OS=Bos taurus GN=C4BPA PE=2 SV=1,TI_CT_CH_TPP
24.312951916138715,23.86840656447063,23.926063571068884,Q28085,CFAH, Complement factor H OS=Bos taurus GN=CFH PE=1 SV=3,TI_CT_CH_TPP
19.719064761368305,19.241366544260636,19.505313237756617,Q28107,FA5, Coagulation factor V OS=Bos taurus GN=F5 PE=1 SV=1,TI_CT_CH_TPP
31.571162269327743,31.117383007400313,31.232549429698373,Q29443,TRFE, Serotransferrin OS=Bos taurus GN=TF PE=2 SV=1,TI_CT_CH_TPP
22.843286781181927,22.403350111844222,22.506578975064933,Q29RQ1,CO7, Complement component C7 OS=Bos taurus GN=C7 PE=2 SV=1,TI_CT_CH_TPP
19.13291902439423,19.802061512026434,19.41102147579926,Q29S21,K2C7," Keratin, type II cytoskeletal 7 OS=Bos taurus GN=KRT7 PE=2 SV=1",TI_CT_CH_TPP
18.17065982882778,17.839779000195627,17.422923435333686,Q2HJ57,COTL1, Coactosin-like protein OS=Bos taurus GN=COTL1 PE=2 SV=3,TI_CT_CH_TPP
17.88786538444241,18.20930533502834,18.266948069536127,Q3ZBU7,TBB4A, Tubulin beta-4A chain OS=Bos taurus GN=TUBB4A PE=2 SV=1,TI_CT_CH_TPP
20.207419821335318,20.514226898706912,20.257988056697446,Q2KIG3,CBPB2, Carboxypeptidase B2 OS=Bos taurus GN=CPB2 PE=1 SV=1,TI_CT_CH_TPP
21.553808475456655,20.97276603662235,20.83726441644548,Q2KIS7,TETN, Tetranectin OS=Bos taurus GN=CLEC3B PE=2 SV=1,TI_CT_CH_TPP
21.403867848468497,20.711774153469573,20.778472523497513,Q2KIT0,HP20, Protein HP-20 homolog OS=Bos taurus PE=2 SV=1,TI_CT_CH_TPP
21.078021803895133,21.30210909389087,20.891541098394207,Q2KJ63,KLKB1, Plasma kallikrein OS=Bos taurus GN=KLKB1 PE=2 SV=1,TI_CT_CH_TPP
27.12365829882657,27.262267160953435,27.151003094040345,Q2KJF1,A1BG, Alpha-1B-glycoprotein OS=Bos taurus GN=A1BG PE=1 SV=1,TI_CT_CH_TPP
28.312349720464756,28.561647722145295,28.43387306152456,Q2UVX4,CO3, Complement C3 OS=Bos taurus GN=C3 PE=1 SV=2,TI_CT_CH_TPP
21.223861892091616,20.903000024135167,21.00143611627321,Q32KY0,APOD, Apolipoprotein D OS=Bos taurus GN=APOD PE=2 SV=1,TI_CT_CH_TPP
17.73453373056827,17.959510279873346,18.122660844492398,Q32PJ2,APOA4, Apolipoprotein A-IV OS=Bos taurus GN=APOA4 PE=2 SV=1,TI_CT_CH_TPP
22.1027995741107,21.768041210403176,21.817023205007157,Q3MHN2,CO9, Complement component C9 OS=Bos taurus GN=C9 PE=2 SV=1,TI_CT_CH_TPP
29.118094008505782,29.188424542623878,29.110180429047062,Q3MHN5,VTDB, Vitamin D-binding protein OS=Bos taurus GN=GC PE=2 SV=1,TI_CT_CH_TPP
19.14926735008216,18.872108167559833,19.07797399545727,Q3SWW8,TSP4, Thrombospondin-4 OS=Bos taurus GN=THBS4 PE=2 SV=1,TI_CT_CH_TPP
24.02700671737612,23.896420940640226,23.92710086512095,Q3SX14,GELS, Gelsolin OS=Bos taurus GN=GSN PE=2 SV=1,TI_CT_CH_TPP
29.11842305287735,29.0867682943459,29.07204530016029,Q3SZ57,FETA, Alpha-fetoprotein OS=Bos taurus GN=AFP PE=2 SV=1,TI_CT_CH_TPP
27.861765009516304,27.31221554951142,27.363090150166347,Q3SZR3,A1AG, Alpha-1-acid glycoprotein OS=Bos taurus GN=ORM1 PE=2 SV=1,TI_CT_CH_TPP
27.631466500802127,27.866496447736516,27.75945814779539,Q3SZV7,HEMO, Hemopexin OS=Bos taurus GN=HPX PE=2 SV=1,TI_CT_CH_TPP
27.027336589343008,27.930827316257943,27.7263928522996,Q3T052,ITIH4, Inter-alpha-trypsin inhibitor heavy chain H4 OS=Bos taurus GN=ITIH4 PE=1 SV=1,TI_CT_CH_TPP
24.214239384360962,24.298359146764632,24.242653502539532,Q3Y5Z3,ADIPO, Adiponectin OS=Bos taurus GN=ADIPOQ PE=1 SV=1,TI_CT_CH_TPP
24.1658592407535,24.252513558517176,24.20611470845763,Q58CQ9,VNN1, Pantetheinase OS=Bos taurus GN=VNN1 PE=1 SV=1,TI_CT_CH_TPP
29.060492677402856,29.349339744335246,29.407648331944728,Q58D62,FETUB, Fetuin-B OS=Bos taurus GN=FETUB PE=1 SV=1,TI_CT_CH_TPP
19.94885023930767,19.06182028110892,19.019607282334615,Q5E9B1,LDHB, L-lactate dehydrogenase B chain OS=Bos taurus GN=LDHB PE=2 SV=4,TI_CT_CH_TPP
18.493833559956474,18.441216249563457,18.450479749454022,Q5E9F5,TAGL2, Transgelin-2 OS=Bos taurus GN=TAGLN2 PE=2 SV=3,TI_CT_CH_TPP
18.458699204108918,19.99702542048011,19.96386593663353,Q5E9F7,COF1, Cofilin-1 OS=Bos taurus GN=CFL1 PE=2 SV=3,TI_CT_CH_TPP
21.711628932356188,20.490775925885007,20.46782357069233,Q5XQN5,K2C5," Keratin, type II cytoskeletal 5 OS=Bos taurus GN=KRT5 PE=1 SV=1",TI_CT_CH_TPP
20.053510839648215,17.426886052668337,19.07344914542328,Q6URK6,CADH5, Cadherin-5 OS=Bos taurus GN=CDH5 PE=2 SV=1,TI_CT_CH_TPP
30.230196052776215,30.643299788602068,30.615337290111572,Q7SIH1,A2MG, Alpha-2-macroglobulin OS=Bos taurus GN=A2M PE=1 SV=2,TI_CT_CH_TPP
25.164240289767786,25.753544511602996,25.72488512558131,Q95121,PEDF, Pigment epithelium-derived factor OS=Bos taurus GN=SERPINF1 PE=1 SV=1,TI_CT_CH_TPP
21.794957483513837,22.959008421638035,22.73261847482205,Q95M17,CHIA, Acidic mammalian chitinase OS=Bos taurus GN=CHIA PE=1 SV=1,TI_CT_CH_TPP
19.727144917316963,20.40652316925728,20.15280143779782,Q9BGI3,PRDX2, Peroxiredoxin-2 OS=Bos taurus GN=PRDX2 PE=2 SV=1,TI_CT_CH_TPP
22.450051953515583,22.107102202454705,22.211431138737034,Q9N2I2,IPSP, Plasma serine protease inhibitor OS=Bos taurus GN=SERPINA5 PE=1 SV=1,TI_CT_CH_TPP
23.99949552743115,24.660428408447782,24.175524543178085,Q9TT36,THBG, Thyroxine-binding globulin OS=Bos taurus GN=SERPINA7 PE=2 SV=1,TI_CT_CH_TPP
28.340231991149416,28.360869304395738,28.297005833745345,Q9TTE1,SPA31, Serpin A3-1 OS=Bos taurus GN=SERPINA3-1 PE=1 SV=3,TI_CT_CH_TPP
19.47886077980507,18.84727102578845,18.713317287069977,Q9TTJ5,RGN, Regucalcin OS=Bos taurus GN=RGN PE=2 SV=1,TI_CT_CH_TPP
19.644369288158106,19.21164786187879,18.988589826715913,Q9XSJ4,ENOA, Alpha-enolase OS=Bos taurus GN=ENO1 PE=1 SV=4,TI_CT_CH_TPP
